edge_id,primary_output,rule,task_type,all_outputs,inputs,implicit_inputs,order_only_inputs,validations,command,description,depfile,source_features,topo,observed_time_ms,observed_time_output,manifest,line_no
/home/lyu/BuildAC/Ninja_optimized/project/catch_build/build.ninja:42:0,CMakeFiles/package.util,CUSTOM_COMMAND,io,"[""CMakeFiles/package.util""]","[""all""]",[],[],[],cd /home/lyu/BuildAC/Ninja_optimized/project/catch_build && /usr/bin/cpack --config ./CPackConfig.cmake,Run CPack packaging tool...,,{},"{""producer_dep_count"": 1, ""consumer_count"": 1, ""all_input_count"": 1, ""longest_remaining_hops"": 1}",,,/home/lyu/BuildAC/Ninja_optimized/project/catch_build/build.ninja,42
/home/lyu/BuildAC/Ninja_optimized/project/catch_build/build.ninja:48:1,package,phony,phony,"[""package""]","[""CMakeFiles/package.util""]",[],[],[],,,,{},"{""producer_dep_count"": 1, ""consumer_count"": 0, ""all_input_count"": 1, ""longest_remaining_hops"": 0}",,,/home/lyu/BuildAC/Ninja_optimized/project/catch_build/build.ninja,48
/home/lyu/BuildAC/Ninja_optimized/project/catch_build/build.ninja:54:2,CMakeFiles/package_source.util,CUSTOM_COMMAND,io,"[""CMakeFiles/package_source.util""]",[],[],[],[],cd /home/lyu/BuildAC/Ninja_optimized/project/catch_build && /usr/bin/cpack --config ./CPackSourceConfig.cmake /home/lyu/BuildAC/Ninja_optimized/project/catch_build/CPackSourceConfig.cmake,Run CPack packaging tool for source...,,{},"{""producer_dep_count"": 0, ""consumer_count"": 1, ""all_input_count"": 0, ""longest_remaining_hops"": 1}",,,/home/lyu/BuildAC/Ninja_optimized/project/catch_build/build.ninja,54
/home/lyu/BuildAC/Ninja_optimized/project/catch_build/build.ninja:60:3,package_source,phony,phony,"[""package_source""]","[""CMakeFiles/package_source.util""]",[],[],[],,,,{},"{""producer_dep_count"": 1, ""consumer_count"": 0, ""all_input_count"": 1, ""longest_remaining_hops"": 0}",,,/home/lyu/BuildAC/Ninja_optimized/project/catch_build/build.ninja,60
/home/lyu/BuildAC/Ninja_optimized/project/catch_build/build.ninja:66:4,CMakeFiles/edit_cache.util,CUSTOM_COMMAND,custom,"[""CMakeFiles/edit_cache.util""]",[],[],[],[],cd /home/lyu/BuildAC/Ninja_optimized/project/catch_build && /usr/bin/cmake -E echo No\ interactive\ CMake\ dialog\ available.,No interactive CMake dialog available...,,{},"{""producer_dep_count"": 0, ""consumer_count"": 1, ""all_input_count"": 0, ""longest_remaining_hops"": 1}",,,/home/lyu/BuildAC/Ninja_optimized/project/catch_build/build.ninja,66
/home/lyu/BuildAC/Ninja_optimized/project/catch_build/build.ninja:71:5,edit_cache,phony,phony,"[""edit_cache""]","[""CMakeFiles/edit_cache.util""]",[],[],[],,,,{},"{""producer_dep_count"": 1, ""consumer_count"": 0, ""all_input_count"": 1, ""longest_remaining_hops"": 0}",,,/home/lyu/BuildAC/Ninja_optimized/project/catch_build/build.ninja,71
/home/lyu/BuildAC/Ninja_optimized/project/catch_build/build.ninja:77:6,CMakeFiles/rebuild_cache.util,CUSTOM_COMMAND,custom,"[""CMakeFiles/rebuild_cache.util""]",[],[],[],[],cd /home/lyu/BuildAC/Ninja_optimized/project/catch_build && /usr/bin/cmake --regenerate-during-build -S/home/lyu/BuildAC/Ninja_optimized/project/Catch2 -B/home/lyu/BuildAC/Ninja_optimized/project/catch_build,Running CMake to regenerate build system...,,{},"{""producer_dep_count"": 0, ""consumer_count"": 1, ""all_input_count"": 0, ""longest_remaining_hops"": 1}",,,/home/lyu/BuildAC/Ninja_optimized/project/catch_build/build.ninja,77
/home/lyu/BuildAC/Ninja_optimized/project/catch_build/build.ninja:83:7,rebuild_cache,phony,phony,"[""rebuild_cache""]","[""CMakeFiles/rebuild_cache.util""]",[],[],[],,,,{},"{""producer_dep_count"": 1, ""consumer_count"": 0, ""all_input_count"": 1, ""longest_remaining_hops"": 0}",,,/home/lyu/BuildAC/Ninja_optimized/project/catch_build/build.ninja,83
/home/lyu/BuildAC/Ninja_optimized/project/catch_build/build.ninja:89:8,list_install_components,phony,phony,"[""list_install_components""]",[],[],[],[],,,,{},"{""producer_dep_count"": 0, ""consumer_count"": 0, ""all_input_count"": 0, ""longest_remaining_hops"": 0}",,,/home/lyu/BuildAC/Ninja_optimized/project/catch_build/build.ninja,89
/home/lyu/BuildAC/Ninja_optimized/project/catch_build/build.ninja:95:9,CMakeFiles/install.util,CUSTOM_COMMAND,custom,"[""CMakeFiles/install.util""]","[""all""]",[],[],[],cd /home/lyu/BuildAC/Ninja_optimized/project/catch_build && /usr/bin/cmake -P cmake_install.cmake,Install the project...,,{},"{""producer_dep_count"": 1, ""consumer_count"": 1, ""all_input_count"": 1, ""longest_remaining_hops"": 1}",,,/home/lyu/BuildAC/Ninja_optimized/project/catch_build/build.ninja,95
/home/lyu/BuildAC/Ninja_optimized/project/catch_build/build.ninja:101:10,install,phony,phony,"[""install""]","[""CMakeFiles/install.util""]",[],[],[],,,,{},"{""producer_dep_count"": 1, ""consumer_count"": 0, ""all_input_count"": 1, ""longest_remaining_hops"": 0}",,,/home/lyu/BuildAC/Ninja_optimized/project/catch_build/build.ninja,101
/home/lyu/BuildAC/Ninja_optimized/project/catch_build/build.ninja:107:11,CMakeFiles/install/local.util,CUSTOM_COMMAND,custom,"[""CMakeFiles/install/local.util""]","[""all""]",[],[],[],cd /home/lyu/BuildAC/Ninja_optimized/project/catch_build && /usr/bin/cmake -DCMAKE_INSTALL_LOCAL_ONLY=1 -P cmake_install.cmake,Installing only the local directory...,,{},"{""producer_dep_count"": 1, ""consumer_count"": 1, ""all_input_count"": 1, ""longest_remaining_hops"": 1}",,,/home/lyu/BuildAC/Ninja_optimized/project/catch_build/build.ninja,107
/home/lyu/BuildAC/Ninja_optimized/project/catch_build/build.ninja:113:12,install/local,phony,phony,"[""install/local""]","[""CMakeFiles/install/local.util""]",[],[],[],,,,{},"{""producer_dep_count"": 1, ""consumer_count"": 0, ""all_input_count"": 1, ""longest_remaining_hops"": 0}",,,/home/lyu/BuildAC/Ninja_optimized/project/catch_build/build.ninja,113
/home/lyu/BuildAC/Ninja_optimized/project/catch_build/build.ninja:119:13,CMakeFiles/install/strip.util,CUSTOM_COMMAND,custom,"[""CMakeFiles/install/strip.util""]","[""all""]",[],[],[],cd /home/lyu/BuildAC/Ninja_optimized/project/catch_build && /usr/bin/cmake -DCMAKE_INSTALL_DO_STRIP=1 -P cmake_install.cmake,Installing the project stripped...,,{},"{""producer_dep_count"": 1, ""consumer_count"": 1, ""all_input_count"": 1, ""longest_remaining_hops"": 1}",,,/home/lyu/BuildAC/Ninja_optimized/project/catch_build/build.ninja,119
/home/lyu/BuildAC/Ninja_optimized/project/catch_build/build.ninja:125:14,install/strip,phony,phony,"[""install/strip""]","[""CMakeFiles/install/strip.util""]",[],[],[],,,,{},"{""producer_dep_count"": 1, ""consumer_count"": 0, ""all_input_count"": 1, ""longest_remaining_hops"": 0}",,,/home/lyu/BuildAC/Ninja_optimized/project/catch_build/build.ninja,125
/home/lyu/BuildAC/Ninja_optimized/project/catch_build/build.ninja:139:15,cmake_object_order_depends_target_Catch2,phony,phony,"[""cmake_object_order_depends_target_Catch2""]",[],[],"[""src/CMakeFiles/Catch2.dir""]",[],,,,{},"{""producer_dep_count"": 0, ""consumer_count"": 107, ""all_input_count"": 1, ""longest_remaining_hops"": 7}",,,/home/lyu/BuildAC/Ninja_optimized/project/catch_build/build.ninja,139
/home/lyu/BuildAC/Ninja_optimized/project/catch_build/build.ninja:141:16,src/CMakeFiles/Catch2.dir/catch2/benchmark/catch_chronometer.cpp.o,CXX_COMPILER__Catch2_unscanned_,compile,"[""src/CMakeFiles/Catch2.dir/catch2/benchmark/catch_chronometer.cpp.o""]","[""/home/lyu/BuildAC/Ninja_optimized/project/Catch2/src/catch2/benchmark/catch_chronometer.cpp""]",[],"[""cmake_object_order_depends_target_Catch2""]",[],/usr/bin/c++  -I/home/lyu/BuildAC/Ninja_optimized/project/Catch2/src/catch2/.. -I/home/lyu/BuildAC/Ninja_optimized/project/catch_build/generated-includes -ffile-prefix-map=/home/lyu/BuildAC/Ninja_optimized/project/Catch2/= -MD -MT src/CMakeFiles/Catch2.dir/catch2/benchmark/catch_chronometer.cpp.o -MF src/CMakeFiles/Catch2.dir/catch2/benchmark/catch_chronometer.cpp.o.d -o src/CMakeFiles/Catch2.dir/catch2/benchmark/catch_chronometer.cpp.o -c /home/lyu/BuildAC/Ninja_optimized/project/Catch2/src/catch2/benchmark/catch_chronometer.cpp,Building CXX object src/CMakeFiles/Catch2.dir/catch2/benchmark/catch_chronometer.cpp.o,src/CMakeFiles/Catch2.dir/catch2/benchmark/catch_chronometer.cpp.o.d,"{""file_size"": 509, ""loc"": 17, ""non_empty_loc"": 13, ""function_count"": 0, ""avg_function_length"": 0, ""max_function_length"": 0, ""include_count"": 1, ""template_count"": 0, ""class_count"": 0, ""max_nesting_depth"": 3, ""branch_keyword_count"": 0, ""max_cyclomatic_proxy"": 1}","{""producer_dep_count"": 1, ""consumer_count"": 1, ""all_input_count"": 2, ""longest_remaining_hops"": 6}",,,/home/lyu/BuildAC/Ninja_optimized/project/catch_build/build.ninja,141
/home/lyu/BuildAC/Ninja_optimized/project/catch_build/build.ninja:150:17,src/CMakeFiles/Catch2.dir/catch2/benchmark/detail/catch_analyse.cpp.o,CXX_COMPILER__Catch2_unscanned_,compile,"[""src/CMakeFiles/Catch2.dir/catch2/benchmark/detail/catch_analyse.cpp.o""]","[""/home/lyu/BuildAC/Ninja_optimized/project/Catch2/src/catch2/benchmark/detail/catch_analyse.cpp""]",[],"[""cmake_object_order_depends_target_Catch2""]",[],/usr/bin/c++  -I/home/lyu/BuildAC/Ninja_optimized/project/Catch2/src/catch2/.. -I/home/lyu/BuildAC/Ninja_optimized/project/catch_build/generated-includes -ffile-prefix-map=/home/lyu/BuildAC/Ninja_optimized/project/Catch2/= -MD -MT src/CMakeFiles/Catch2.dir/catch2/benchmark/detail/catch_analyse.cpp.o -MF src/CMakeFiles/Catch2.dir/catch2/benchmark/detail/catch_analyse.cpp.o.d -o src/CMakeFiles/Catch2.dir/catch2/benchmark/detail/catch_analyse.cpp.o -c /home/lyu/BuildAC/Ninja_optimized/project/Catch2/src/catch2/benchmark/detail/catch_analyse.cpp,Building CXX object src/CMakeFiles/Catch2.dir/catch2/benchmark/detail/catch_analyse.cpp.o,src/CMakeFiles/Catch2.dir/catch2/benchmark/detail/catch_analyse.cpp.o.d,"{""file_size"": 3525, ""loc"": 85, ""non_empty_loc"": 75, ""function_count"": 3, ""avg_function_length"": 33.667, ""max_function_length"": 61, ""include_count"": 7, ""template_count"": 0, ""class_count"": 0, ""max_nesting_depth"": 7, ""branch_keyword_count"": 4, ""max_cyclomatic_proxy"": 5}","{""producer_dep_count"": 1, ""consumer_count"": 1, ""all_input_count"": 2, ""longest_remaining_hops"": 6}",,,/home/lyu/BuildAC/Ninja_optimized/project/catch_build/build.ninja,150
/home/lyu/BuildAC/Ninja_optimized/project/catch_build/build.ninja:159:18,src/CMakeFiles/Catch2.dir/catch2/benchmark/detail/catch_benchmark_function.cpp.o,CXX_COMPILER__Catch2_unscanned_,compile,"[""src/CMakeFiles/Catch2.dir/catch2/benchmark/detail/catch_benchmark_function.cpp.o""]","[""/home/lyu/BuildAC/Ninja_optimized/project/Catch2/src/catch2/benchmark/detail/catch_benchmark_function.cpp""]",[],"[""cmake_object_order_depends_target_Catch2""]",[],/usr/bin/c++  -I/home/lyu/BuildAC/Ninja_optimized/project/Catch2/src/catch2/.. -I/home/lyu/BuildAC/Ninja_optimized/project/catch_build/generated-includes -ffile-prefix-map=/home/lyu/BuildAC/Ninja_optimized/project/Catch2/= -MD -MT src/CMakeFiles/Catch2.dir/catch2/benchmark/detail/catch_benchmark_function.cpp.o -MF src/CMakeFiles/Catch2.dir/catch2/benchmark/detail/catch_benchmark_function.cpp.o.d -o src/CMakeFiles/Catch2.dir/catch2/benchmark/detail/catch_benchmark_function.cpp.o -c /home/lyu/BuildAC/Ninja_optimized/project/Catch2/src/catch2/benchmark/detail/catch_benchmark_function.cpp,Building CXX object src/CMakeFiles/Catch2.dir/catch2/benchmark/detail/catch_benchmark_function.cpp.o,src/CMakeFiles/Catch2.dir/catch2/benchmark/detail/catch_benchmark_function.cpp.o.d,"{""file_size"": 716, ""loc"": 23, ""non_empty_loc"": 18, ""function_count"": 1, ""avg_function_length"": 1.0, ""max_function_length"": 1, ""include_count"": 1, ""template_count"": 0, ""class_count"": 1, ""max_nesting_depth"": 5, ""branch_keyword_count"": 0, ""max_cyclomatic_proxy"": 1}","{""producer_dep_count"": 1, ""consumer_count"": 1, ""all_input_count"": 2, ""longest_remaining_hops"": 6}",,,/home/lyu/BuildAC/Ninja_optimized/project/catch_build/build.ninja,159
/home/lyu/BuildAC/Ninja_optimized/project/catch_build/build.ninja:168:19,src/CMakeFiles/Catch2.dir/catch2/benchmark/detail/catch_run_for_at_least.cpp.o,CXX_COMPILER__Catch2_unscanned_,compile,"[""src/CMakeFiles/Catch2.dir/catch2/benchmark/detail/catch_run_for_at_least.cpp.o""]","[""/home/lyu/BuildAC/Ninja_optimized/project/Catch2/src/catch2/benchmark/detail/catch_run_for_at_least.cpp""]",[],"[""cmake_object_order_depends_target_Catch2""]",[],/usr/bin/c++  -I/home/lyu/BuildAC/Ninja_optimized/project/Catch2/src/catch2/.. -I/home/lyu/BuildAC/Ninja_optimized/project/catch_build/generated-includes -ffile-prefix-map=/home/lyu/BuildAC/Ninja_optimized/project/Catch2/= -MD -MT src/CMakeFiles/Catch2.dir/catch2/benchmark/detail/catch_run_for_at_least.cpp.o -MF src/CMakeFiles/Catch2.dir/catch2/benchmark/detail/catch_run_for_at_least.cpp.o.d -o src/CMakeFiles/Catch2.dir/catch2/benchmark/detail/catch_run_for_at_least.cpp.o -c /home/lyu/BuildAC/Ninja_optimized/project/Catch2/src/catch2/benchmark/detail/catch_run_for_at_least.cpp,Building CXX object src/CMakeFiles/Catch2.dir/catch2/benchmark/detail/catch_run_for_at_least.cpp.o,src/CMakeFiles/Catch2.dir/catch2/benchmark/detail/catch_run_for_at_least.cpp.o.d,"{""file_size"": 959, ""loc"": 31, ""non_empty_loc"": 23, ""function_count"": 2, ""avg_function_length"": 3.0, ""max_function_length"": 3, ""include_count"": 3, ""template_count"": 0, ""class_count"": 1, ""max_nesting_depth"": 5, ""branch_keyword_count"": 0, ""max_cyclomatic_proxy"": 1}","{""producer_dep_count"": 1, ""consumer_count"": 1, ""all_input_count"": 2, ""longest_remaining_hops"": 6}",,,/home/lyu/BuildAC/Ninja_optimized/project/catch_build/build.ninja,168
/home/lyu/BuildAC/Ninja_optimized/project/catch_build/build.ninja:177:20,src/CMakeFiles/Catch2.dir/catch2/benchmark/detail/catch_stats.cpp.o,CXX_COMPILER__Catch2_unscanned_,compile,"[""src/CMakeFiles/Catch2.dir/catch2/benchmark/detail/catch_stats.cpp.o""]","[""/home/lyu/BuildAC/Ninja_optimized/project/Catch2/src/catch2/benchmark/detail/catch_stats.cpp""]",[],"[""cmake_object_order_depends_target_Catch2""]",[],/usr/bin/c++  -I/home/lyu/BuildAC/Ninja_optimized/project/Catch2/src/catch2/.. -I/home/lyu/BuildAC/Ninja_optimized/project/catch_build/generated-includes -ffile-prefix-map=/home/lyu/BuildAC/Ninja_optimized/project/Catch2/= -MD -MT src/CMakeFiles/Catch2.dir/catch2/benchmark/detail/catch_stats.cpp.o -MF src/CMakeFiles/Catch2.dir/catch2/benchmark/detail/catch_stats.cpp.o.d -o src/CMakeFiles/Catch2.dir/catch2/benchmark/detail/catch_stats.cpp.o -c /home/lyu/BuildAC/Ninja_optimized/project/Catch2/src/catch2/benchmark/detail/catch_stats.cpp,Building CXX object src/CMakeFiles/Catch2.dir/catch2/benchmark/detail/catch_stats.cpp.o,src/CMakeFiles/Catch2.dir/catch2/benchmark/detail/catch_stats.cpp.o.d,"{""file_size"": 17303, ""loc"": 393, ""non_empty_loc"": 344, ""function_count"": 28, ""avg_function_length"": 14.714, ""max_function_length"": 75, ""include_count"": 12, ""template_count"": 1, ""class_count"": 0, ""max_nesting_depth"": 7, ""branch_keyword_count"": 18, ""max_cyclomatic_proxy"": 19}","{""producer_dep_count"": 1, ""consumer_count"": 1, ""all_input_count"": 2, ""longest_remaining_hops"": 6}",,,/home/lyu/BuildAC/Ninja_optimized/project/catch_build/build.ninja,177
/home/lyu/BuildAC/Ninja_optimized/project/catch_build/build.ninja:186:21,src/CMakeFiles/Catch2.dir/catch2/generators/catch_generator_exception.cpp.o,CXX_COMPILER__Catch2_unscanned_,compile,"[""src/CMakeFiles/Catch2.dir/catch2/generators/catch_generator_exception.cpp.o""]","[""/home/lyu/BuildAC/Ninja_optimized/project/Catch2/src/catch2/generators/catch_generator_exception.cpp""]",[],"[""cmake_object_order_depends_target_Catch2""]",[],/usr/bin/c++  -I/home/lyu/BuildAC/Ninja_optimized/project/Catch2/src/catch2/.. -I/home/lyu/BuildAC/Ninja_optimized/project/catch_build/generated-includes -ffile-prefix-map=/home/lyu/BuildAC/Ninja_optimized/project/Catch2/= -MD -MT src/CMakeFiles/Catch2.dir/catch2/generators/catch_generator_exception.cpp.o -MF src/CMakeFiles/Catch2.dir/catch2/generators/catch_generator_exception.cpp.o.d -o src/CMakeFiles/Catch2.dir/catch2/generators/catch_generator_exception.cpp.o -c /home/lyu/BuildAC/Ninja_optimized/project/Catch2/src/catch2/generators/catch_generator_exception.cpp,Building CXX object src/CMakeFiles/Catch2.dir/catch2/generators/catch_generator_exception.cpp.o,src/CMakeFiles/Catch2.dir/catch2/generators/catch_generator_exception.cpp.o.d,"{""file_size"": 435, ""loc"": 17, ""non_empty_loc"": 11, ""function_count"": 1, ""avg_function_length"": 3.0, ""max_function_length"": 3, ""include_count"": 1, ""template_count"": 0, ""class_count"": 0, ""max_nesting_depth"": 2, ""branch_keyword_count"": 0, ""max_cyclomatic_proxy"": 1}","{""producer_dep_count"": 1, ""consumer_count"": 1, ""all_input_count"": 2, ""longest_remaining_hops"": 6}",,,/home/lyu/BuildAC/Ninja_optimized/project/catch_build/build.ninja,186
/home/lyu/BuildAC/Ninja_optimized/project/catch_build/build.ninja:195:22,src/CMakeFiles/Catch2.dir/catch2/generators/catch_generators.cpp.o,CXX_COMPILER__Catch2_unscanned_,compile,"[""src/CMakeFiles/Catch2.dir/catch2/generators/catch_generators.cpp.o""]","[""/home/lyu/BuildAC/Ninja_optimized/project/Catch2/src/catch2/generators/catch_generators.cpp""]",[],"[""cmake_object_order_depends_target_Catch2""]",[],/usr/bin/c++  -I/home/lyu/BuildAC/Ninja_optimized/project/Catch2/src/catch2/.. -I/home/lyu/BuildAC/Ninja_optimized/project/catch_build/generated-includes -ffile-prefix-map=/home/lyu/BuildAC/Ninja_optimized/project/Catch2/= -MD -MT src/CMakeFiles/Catch2.dir/catch2/generators/catch_generators.cpp.o -MF src/CMakeFiles/Catch2.dir/catch2/generators/catch_generators.cpp.o.d -o src/CMakeFiles/Catch2.dir/catch2/generators/catch_generators.cpp.o -c /home/lyu/BuildAC/Ninja_optimized/project/Catch2/src/catch2/generators/catch_generators.cpp,Building CXX object src/CMakeFiles/Catch2.dir/catch2/generators/catch_generators.cpp.o,src/CMakeFiles/Catch2.dir/catch2/generators/catch_generators.cpp.o.d,"{""file_size"": 1084, ""loc"": 32, ""non_empty_loc"": 22, ""function_count"": 2, ""avg_function_length"": 3.5, ""max_function_length"": 4, ""include_count"": 2, ""template_count"": 0, ""class_count"": 0, ""max_nesting_depth"": 3, ""branch_keyword_count"": 0, ""max_cyclomatic_proxy"": 1}","{""producer_dep_count"": 1, ""consumer_count"": 1, ""all_input_count"": 2, ""longest_remaining_hops"": 6}",,,/home/lyu/BuildAC/Ninja_optimized/project/catch_build/build.ninja,195
/home/lyu/BuildAC/Ninja_optimized/project/catch_build/build.ninja:204:23,src/CMakeFiles/Catch2.dir/catch2/generators/catch_generators_random.cpp.o,CXX_COMPILER__Catch2_unscanned_,compile,"[""src/CMakeFiles/Catch2.dir/catch2/generators/catch_generators_random.cpp.o""]","[""/home/lyu/BuildAC/Ninja_optimized/project/Catch2/src/catch2/generators/catch_generators_random.cpp""]",[],"[""cmake_object_order_depends_target_Catch2""]",[],/usr/bin/c++  -I/home/lyu/BuildAC/Ninja_optimized/project/Catch2/src/catch2/.. -I/home/lyu/BuildAC/Ninja_optimized/project/catch_build/generated-includes -ffile-prefix-map=/home/lyu/BuildAC/Ninja_optimized/project/Catch2/= -MD -MT src/CMakeFiles/Catch2.dir/catch2/generators/catch_generators_random.cpp.o -MF src/CMakeFiles/Catch2.dir/catch2/generators/catch_generators_random.cpp.o.d -o src/CMakeFiles/Catch2.dir/catch2/generators/catch_generators_random.cpp.o -c /home/lyu/BuildAC/Ninja_optimized/project/Catch2/src/catch2/generators/catch_generators_random.cpp,Building CXX object src/CMakeFiles/Catch2.dir/catch2/generators/catch_generators_random.cpp.o,src/CMakeFiles/Catch2.dir/catch2/generators/catch_generators_random.cpp.o.d,"{""file_size"": 1480, ""loc"": 46, ""non_empty_loc"": 35, ""function_count"": 5, ""avg_function_length"": 2.4, ""max_function_length"": 4, ""include_count"": 3, ""template_count"": 0, ""class_count"": 1, ""max_nesting_depth"": 4, ""branch_keyword_count"": 0, ""max_cyclomatic_proxy"": 1}","{""producer_dep_count"": 1, ""consumer_count"": 1, ""all_input_count"": 2, ""longest_remaining_hops"": 6}",,,/home/lyu/BuildAC/Ninja_optimized/project/catch_build/build.ninja,204
/home/lyu/BuildAC/Ninja_optimized/project/catch_build/build.ninja:213:24,src/CMakeFiles/Catch2.dir/catch2/generators/catch_generators_throw.cpp.o,CXX_COMPILER__Catch2_unscanned_,compile,"[""src/CMakeFiles/Catch2.dir/catch2/generators/catch_generators_throw.cpp.o""]","[""/home/lyu/BuildAC/Ninja_optimized/project/Catch2/src/catch2/generators/catch_generators_throw.cpp""]",[],"[""cmake_object_order_depends_target_Catch2""]",[],/usr/bin/c++  -I/home/lyu/BuildAC/Ninja_optimized/project/Catch2/src/catch2/.. -I/home/lyu/BuildAC/Ninja_optimized/project/catch_build/generated-includes -ffile-prefix-map=/home/lyu/BuildAC/Ninja_optimized/project/Catch2/= -MD -MT src/CMakeFiles/Catch2.dir/catch2/generators/catch_generators_throw.cpp.o -MF src/CMakeFiles/Catch2.dir/catch2/generators/catch_generators_throw.cpp.o.d -o src/CMakeFiles/Catch2.dir/catch2/generators/catch_generators_throw.cpp.o -c /home/lyu/BuildAC/Ninja_optimized/project/Catch2/src/catch2/generators/catch_generators_throw.cpp,Building CXX object src/CMakeFiles/Catch2.dir/catch2/generators/catch_generators_throw.cpp.o,src/CMakeFiles/Catch2.dir/catch2/generators/catch_generators_throw.cpp.o.d,"{""file_size"": 730, ""loc"": 24, ""non_empty_loc"": 18, ""function_count"": 1, ""avg_function_length"": 3.0, ""max_function_length"": 3, ""include_count"": 3, ""template_count"": 0, ""class_count"": 0, ""max_nesting_depth"": 5, ""branch_keyword_count"": 0, ""max_cyclomatic_proxy"": 1}","{""producer_dep_count"": 1, ""consumer_count"": 1, ""all_input_count"": 2, ""longest_remaining_hops"": 6}",,,/home/lyu/BuildAC/Ninja_optimized/project/catch_build/build.ninja,213
/home/lyu/BuildAC/Ninja_optimized/project/catch_build/build.ninja:222:25,src/CMakeFiles/Catch2.dir/catch2/reporters/catch_reporter_automake.cpp.o,CXX_COMPILER__Catch2_unscanned_,compile,"[""src/CMakeFiles/Catch2.dir/catch2/reporters/catch_reporter_automake.cpp.o""]","[""/home/lyu/BuildAC/Ninja_optimized/project/Catch2/src/catch2/reporters/catch_reporter_automake.cpp""]",[],"[""cmake_object_order_depends_target_Catch2""]",[],/usr/bin/c++  -I/home/lyu/BuildAC/Ninja_optimized/project/Catch2/src/catch2/.. -I/home/lyu/BuildAC/Ninja_optimized/project/catch_build/generated-includes -ffile-prefix-map=/home/lyu/BuildAC/Ninja_optimized/project/Catch2/= -MD -MT src/CMakeFiles/Catch2.dir/catch2/reporters/catch_reporter_automake.cpp.o -MF src/CMakeFiles/Catch2.dir/catch2/reporters/catch_reporter_automake.cpp.o.d -o src/CMakeFiles/Catch2.dir/catch2/reporters/catch_reporter_automake.cpp.o -c /home/lyu/BuildAC/Ninja_optimized/project/Catch2/src/catch2/reporters/catch_reporter_automake.cpp,Building CXX object src/CMakeFiles/Catch2.dir/catch2/reporters/catch_reporter_automake.cpp.o,src/CMakeFiles/Catch2.dir/catch2/reporters/catch_reporter_automake.cpp.o.d,"{""file_size"": 1283, ""loc"": 37, ""non_empty_loc"": 29, ""function_count"": 5, ""avg_function_length"": 5.4, ""max_function_length"": 15, ""include_count"": 3, ""template_count"": 0, ""class_count"": 0, ""max_nesting_depth"": 3, ""branch_keyword_count"": 3, ""max_cyclomatic_proxy"": 4}","{""producer_dep_count"": 1, ""consumer_count"": 1, ""all_input_count"": 2, ""longest_remaining_hops"": 6}",,,/home/lyu/BuildAC/Ninja_optimized/project/catch_build/build.ninja,222
/home/lyu/BuildAC/Ninja_optimized/project/catch_build/build.ninja:231:26,src/CMakeFiles/Catch2.dir/catch2/reporters/catch_reporter_common_base.cpp.o,CXX_COMPILER__Catch2_unscanned_,compile,"[""src/CMakeFiles/Catch2.dir/catch2/reporters/catch_reporter_common_base.cpp.o""]","[""/home/lyu/BuildAC/Ninja_optimized/project/Catch2/src/catch2/reporters/catch_reporter_common_base.cpp""]",[],"[""cmake_object_order_depends_target_Catch2""]",[],/usr/bin/c++  -I/home/lyu/BuildAC/Ninja_optimized/project/Catch2/src/catch2/.. -I/home/lyu/BuildAC/Ninja_optimized/project/catch_build/generated-includes -ffile-prefix-map=/home/lyu/BuildAC/Ninja_optimized/project/Catch2/= -MD -MT src/CMakeFiles/Catch2.dir/catch2/reporters/catch_reporter_common_base.cpp.o -MF src/CMakeFiles/Catch2.dir/catch2/reporters/catch_reporter_common_base.cpp.o.d -o src/CMakeFiles/Catch2.dir/catch2/reporters/catch_reporter_common_base.cpp.o -c /home/lyu/BuildAC/Ninja_optimized/project/Catch2/src/catch2/reporters/catch_reporter_common_base.cpp,Building CXX object src/CMakeFiles/Catch2.dir/catch2/reporters/catch_reporter_common_base.cpp.o,src/CMakeFiles/Catch2.dir/catch2/reporters/catch_reporter_common_base.cpp.o.d,"{""file_size"": 1738, ""loc"": 49, ""non_empty_loc"": 37, ""function_count"": 5, ""avg_function_length"": 3.4, ""max_function_length"": 7, ""include_count"": 4, ""template_count"": 0, ""class_count"": 0, ""max_nesting_depth"": 2, ""branch_keyword_count"": 0, ""max_cyclomatic_proxy"": 1}","{""producer_dep_count"": 1, ""consumer_count"": 1, ""all_input_count"": 2, ""longest_remaining_hops"": 6}",,,/home/lyu/BuildAC/Ninja_optimized/project/catch_build/build.ninja,231
/home/lyu/BuildAC/Ninja_optimized/project/catch_build/build.ninja:240:27,src/CMakeFiles/Catch2.dir/catch2/reporters/catch_reporter_compact.cpp.o,CXX_COMPILER__Catch2_unscanned_,compile,"[""src/CMakeFiles/Catch2.dir/catch2/reporters/catch_reporter_compact.cpp.o""]","[""/home/lyu/BuildAC/Ninja_optimized/project/Catch2/src/catch2/reporters/catch_reporter_compact.cpp""]",[],"[""cmake_object_order_depends_target_Catch2""]",[],/usr/bin/c++  -I/home/lyu/BuildAC/Ninja_optimized/project/Catch2/src/catch2/.. -I/home/lyu/BuildAC/Ninja_optimized/project/catch_build/generated-includes -ffile-prefix-map=/home/lyu/BuildAC/Ninja_optimized/project/Catch2/= -MD -MT src/CMakeFiles/Catch2.dir/catch2/reporters/catch_reporter_compact.cpp.o -MF src/CMakeFiles/Catch2.dir/catch2/reporters/catch_reporter_compact.cpp.o.d -o src/CMakeFiles/Catch2.dir/catch2/reporters/catch_reporter_compact.cpp.o -c /home/lyu/BuildAC/Ninja_optimized/project/Catch2/src/catch2/reporters/catch_reporter_compact.cpp,Building CXX object src/CMakeFiles/Catch2.dir/catch2/reporters/catch_reporter_compact.cpp.o,src/CMakeFiles/Catch2.dir/catch2/reporters/catch_reporter_compact.cpp.o.d,"{""file_size"": 9061, ""loc"": 255, ""non_empty_loc"": 219, ""function_count"": 28, ""avg_function_length"": 10.75, ""max_function_length"": 72, ""include_count"": 10, ""template_count"": 0, ""class_count"": 1, ""max_nesting_depth"": 7, ""branch_keyword_count"": 29, ""max_cyclomatic_proxy"": 30}","{""producer_dep_count"": 1, ""consumer_count"": 1, ""all_input_count"": 2, ""longest_remaining_hops"": 6}",,,/home/lyu/BuildAC/Ninja_optimized/project/catch_build/build.ninja,240
/home/lyu/BuildAC/Ninja_optimized/project/catch_build/build.ninja:249:28,src/CMakeFiles/Catch2.dir/catch2/reporters/catch_reporter_console.cpp.o,CXX_COMPILER__Catch2_unscanned_,compile,"[""src/CMakeFiles/Catch2.dir/catch2/reporters/catch_reporter_console.cpp.o""]","[""/home/lyu/BuildAC/Ninja_optimized/project/Catch2/src/catch2/reporters/catch_reporter_console.cpp""]",[],"[""cmake_object_order_depends_target_Catch2""]",[],/usr/bin/c++  -I/home/lyu/BuildAC/Ninja_optimized/project/Catch2/src/catch2/.. -I/home/lyu/BuildAC/Ninja_optimized/project/catch_build/generated-includes -ffile-prefix-map=/home/lyu/BuildAC/Ninja_optimized/project/Catch2/= -MD -MT src/CMakeFiles/Catch2.dir/catch2/reporters/catch_reporter_console.cpp.o -MF src/CMakeFiles/Catch2.dir/catch2/reporters/catch_reporter_console.cpp.o.d -o src/CMakeFiles/Catch2.dir/catch2/reporters/catch_reporter_console.cpp.o -c /home/lyu/BuildAC/Ninja_optimized/project/Catch2/src/catch2/reporters/catch_reporter_console.cpp,Building CXX object src/CMakeFiles/Catch2.dir/catch2/reporters/catch_reporter_console.cpp.o,src/CMakeFiles/Catch2.dir/catch2/reporters/catch_reporter_console.cpp.o.d,"{""file_size"": 23143, ""loc"": 670, ""non_empty_loc"": 599, ""function_count"": 67, ""avg_function_length"": 11.075, ""max_function_length"": 80, ""include_count"": 15, ""template_count"": 1, ""class_count"": 9, ""max_nesting_depth"": 6, ""branch_keyword_count"": 79, ""max_cyclomatic_proxy"": 80}","{""producer_dep_count"": 1, ""consumer_count"": 1, ""all_input_count"": 2, ""longest_remaining_hops"": 6}",,,/home/lyu/BuildAC/Ninja_optimized/project/catch_build/build.ninja,249
/home/lyu/BuildAC/Ninja_optimized/project/catch_build/build.ninja:258:29,src/CMakeFiles/Catch2.dir/catch2/reporters/catch_reporter_cumulative_base.cpp.o,CXX_COMPILER__Catch2_unscanned_,compile,"[""src/CMakeFiles/Catch2.dir/catch2/reporters/catch_reporter_cumulative_base.cpp.o""]","[""/home/lyu/BuildAC/Ninja_optimized/project/Catch2/src/catch2/reporters/catch_reporter_cumulative_base.cpp""]",[],"[""cmake_object_order_depends_target_Catch2""]",[],/usr/bin/c++  -I/home/lyu/BuildAC/Ninja_optimized/project/Catch2/src/catch2/.. -I/home/lyu/BuildAC/Ninja_optimized/project/catch_build/generated-includes -ffile-prefix-map=/home/lyu/BuildAC/Ninja_optimized/project/Catch2/= -MD -MT src/CMakeFiles/Catch2.dir/catch2/reporters/catch_reporter_cumulative_base.cpp.o -MF src/CMakeFiles/Catch2.dir/catch2/reporters/catch_reporter_cumulative_base.cpp.o.d -o src/CMakeFiles/Catch2.dir/catch2/reporters/catch_reporter_cumulative_base.cpp.o -c /home/lyu/BuildAC/Ninja_optimized/project/Catch2/src/catch2/reporters/catch_reporter_cumulative_base.cpp,Building CXX object src/CMakeFiles/Catch2.dir/catch2/reporters/catch_reporter_cumulative_base.cpp.o,src/CMakeFiles/Catch2.dir/catch2/reporters/catch_reporter_cumulative_base.cpp.o.d,"{""file_size"": 5969, ""loc"": 158, ""non_empty_loc"": 132, ""function_count"": 21, ""avg_function_length"": 6.333, ""max_function_length"": 28, ""include_count"": 4, ""template_count"": 0, ""class_count"": 1, ""max_nesting_depth"": 4, ""branch_keyword_count"": 5, ""max_cyclomatic_proxy"": 6}","{""producer_dep_count"": 1, ""consumer_count"": 1, ""all_input_count"": 2, ""longest_remaining_hops"": 6}",,,/home/lyu/BuildAC/Ninja_optimized/project/catch_build/build.ninja,258
/home/lyu/BuildAC/Ninja_optimized/project/catch_build/build.ninja:267:30,src/CMakeFiles/Catch2.dir/catch2/reporters/catch_reporter_event_listener.cpp.o,CXX_COMPILER__Catch2_unscanned_,compile,"[""src/CMakeFiles/Catch2.dir/catch2/reporters/catch_reporter_event_listener.cpp.o""]","[""/home/lyu/BuildAC/Ninja_optimized/project/Catch2/src/catch2/reporters/catch_reporter_event_listener.cpp""]",[],"[""cmake_object_order_depends_target_Catch2""]",[],/usr/bin/c++  -I/home/lyu/BuildAC/Ninja_optimized/project/Catch2/src/catch2/.. -I/home/lyu/BuildAC/Ninja_optimized/project/catch_build/generated-includes -ffile-prefix-map=/home/lyu/BuildAC/Ninja_optimized/project/Catch2/= -MD -MT src/CMakeFiles/Catch2.dir/catch2/reporters/catch_reporter_event_listener.cpp.o -MF src/CMakeFiles/Catch2.dir/catch2/reporters/catch_reporter_event_listener.cpp.o.d -o src/CMakeFiles/Catch2.dir/catch2/reporters/catch_reporter_event_listener.cpp.o -c /home/lyu/BuildAC/Ninja_optimized/project/Catch2/src/catch2/reporters/catch_reporter_event_listener.cpp,Building CXX object src/CMakeFiles/Catch2.dir/catch2/reporters/catch_reporter_event_listener.cpp.o,src/CMakeFiles/Catch2.dir/catch2/reporters/catch_reporter_event_listener.cpp.o.d,"{""file_size"": 1944, ""loc"": 40, ""non_empty_loc"": 32, ""function_count"": 22, ""avg_function_length"": 1.0, ""max_function_length"": 1, ""include_count"": 1, ""template_count"": 0, ""class_count"": 0, ""max_nesting_depth"": 2, ""branch_keyword_count"": 0, ""max_cyclomatic_proxy"": 1}","{""producer_dep_count"": 1, ""consumer_count"": 1, ""all_input_count"": 2, ""longest_remaining_hops"": 6}",,,/home/lyu/BuildAC/Ninja_optimized/project/catch_build/build.ninja,267
/home/lyu/BuildAC/Ninja_optimized/project/catch_build/build.ninja:276:31,src/CMakeFiles/Catch2.dir/catch2/reporters/catch_reporter_helpers.cpp.o,CXX_COMPILER__Catch2_unscanned_,compile,"[""src/CMakeFiles/Catch2.dir/catch2/reporters/catch_reporter_helpers.cpp.o""]","[""/home/lyu/BuildAC/Ninja_optimized/project/Catch2/src/catch2/reporters/catch_reporter_helpers.cpp""]",[],"[""cmake_object_order_depends_target_Catch2""]",[],/usr/bin/c++  -I/home/lyu/BuildAC/Ninja_optimized/project/Catch2/src/catch2/.. -I/home/lyu/BuildAC/Ninja_optimized/project/catch_build/generated-includes -ffile-prefix-map=/home/lyu/BuildAC/Ninja_optimized/project/Catch2/= -MD -MT src/CMakeFiles/Catch2.dir/catch2/reporters/catch_reporter_helpers.cpp.o -MF src/CMakeFiles/Catch2.dir/catch2/reporters/catch_reporter_helpers.cpp.o.d -o src/CMakeFiles/Catch2.dir/catch2/reporters/catch_reporter_helpers.cpp.o -c /home/lyu/BuildAC/Ninja_optimized/project/Catch2/src/catch2/reporters/catch_reporter_helpers.cpp,Building CXX object src/CMakeFiles/Catch2.dir/catch2/reporters/catch_reporter_helpers.cpp.o,src/CMakeFiles/Catch2.dir/catch2/reporters/catch_reporter_helpers.cpp.o.d,"{""file_size"": 14656, ""loc"": 379, ""non_empty_loc"": 335, ""function_count"": 50, ""avg_function_length"": 10.02, ""max_function_length"": 45, ""include_count"": 16, ""template_count"": 0, ""class_count"": 1, ""max_nesting_depth"": 6, ""branch_keyword_count"": 38, ""max_cyclomatic_proxy"": 39}","{""producer_dep_count"": 1, ""consumer_count"": 1, ""all_input_count"": 2, ""longest_remaining_hops"": 6}",,,/home/lyu/BuildAC/Ninja_optimized/project/catch_build/build.ninja,276
/home/lyu/BuildAC/Ninja_optimized/project/catch_build/build.ninja:285:32,src/CMakeFiles/Catch2.dir/catch2/reporters/catch_reporter_json.cpp.o,CXX_COMPILER__Catch2_unscanned_,compile,"[""src/CMakeFiles/Catch2.dir/catch2/reporters/catch_reporter_json.cpp.o""]","[""/home/lyu/BuildAC/Ninja_optimized/project/Catch2/src/catch2/reporters/catch_reporter_json.cpp""]",[],"[""cmake_object_order_depends_target_Catch2""]",[],/usr/bin/c++  -I/home/lyu/BuildAC/Ninja_optimized/project/Catch2/src/catch2/.. -I/home/lyu/BuildAC/Ninja_optimized/project/catch_build/generated-includes -ffile-prefix-map=/home/lyu/BuildAC/Ninja_optimized/project/Catch2/= -MD -MT src/CMakeFiles/Catch2.dir/catch2/reporters/catch_reporter_json.cpp.o -MF src/CMakeFiles/Catch2.dir/catch2/reporters/catch_reporter_json.cpp.o.d -o src/CMakeFiles/Catch2.dir/catch2/reporters/catch_reporter_json.cpp.o -c /home/lyu/BuildAC/Ninja_optimized/project/Catch2/src/catch2/reporters/catch_reporter_json.cpp,Building CXX object src/CMakeFiles/Catch2.dir/catch2/reporters/catch_reporter_json.cpp.o,src/CMakeFiles/Catch2.dir/catch2/reporters/catch_reporter_json.cpp.o.d,"{""file_size"": 14347, ""loc"": 373, ""non_empty_loc"": 322, ""function_count"": 48, ""avg_function_length"": 7.521, ""max_function_length"": 28, ""include_count"": 7, ""template_count"": 0, ""class_count"": 1, ""max_nesting_depth"": 5, ""branch_keyword_count"": 16, ""max_cyclomatic_proxy"": 17}","{""producer_dep_count"": 1, ""consumer_count"": 1, ""all_input_count"": 2, ""longest_remaining_hops"": 6}",,,/home/lyu/BuildAC/Ninja_optimized/project/catch_build/build.ninja,285
/home/lyu/BuildAC/Ninja_optimized/project/catch_build/build.ninja:294:33,src/CMakeFiles/Catch2.dir/catch2/reporters/catch_reporter_junit.cpp.o,CXX_COMPILER__Catch2_unscanned_,compile,"[""src/CMakeFiles/Catch2.dir/catch2/reporters/catch_reporter_junit.cpp.o""]","[""/home/lyu/BuildAC/Ninja_optimized/project/Catch2/src/catch2/reporters/catch_reporter_junit.cpp""]",[],"[""cmake_object_order_depends_target_Catch2""]",[],/usr/bin/c++  -I/home/lyu/BuildAC/Ninja_optimized/project/Catch2/src/catch2/.. -I/home/lyu/BuildAC/Ninja_optimized/project/catch_build/generated-includes -ffile-prefix-map=/home/lyu/BuildAC/Ninja_optimized/project/Catch2/= -MD -MT src/CMakeFiles/Catch2.dir/catch2/reporters/catch_reporter_junit.cpp.o -MF src/CMakeFiles/Catch2.dir/catch2/reporters/catch_reporter_junit.cpp.o.d -o src/CMakeFiles/Catch2.dir/catch2/reporters/catch_reporter_junit.cpp.o -c /home/lyu/BuildAC/Ninja_optimized/project/Catch2/src/catch2/reporters/catch_reporter_junit.cpp,Building CXX object src/CMakeFiles/Catch2.dir/catch2/reporters/catch_reporter_junit.cpp.o,src/CMakeFiles/Catch2.dir/catch2/reporters/catch_reporter_junit.cpp.o.d,"{""file_size"": 12407, ""loc"": 317, ""non_empty_loc"": 270, ""function_count"": 36, ""avg_function_length"": 10.861, ""max_function_length"": 63, ""include_count"": 13, ""template_count"": 0, ""class_count"": 0, ""max_nesting_depth"": 5, ""branch_keyword_count"": 40, ""max_cyclomatic_proxy"": 41}","{""producer_dep_count"": 1, ""consumer_count"": 1, ""all_input_count"": 2, ""longest_remaining_hops"": 6}",,,/home/lyu/BuildAC/Ninja_optimized/project/catch_build/build.ninja,294
/home/lyu/BuildAC/Ninja_optimized/project/catch_build/build.ninja:303:34,src/CMakeFiles/Catch2.dir/catch2/reporters/catch_reporter_multi.cpp.o,CXX_COMPILER__Catch2_unscanned_,compile,"[""src/CMakeFiles/Catch2.dir/catch2/reporters/catch_reporter_multi.cpp.o""]","[""/home/lyu/BuildAC/Ninja_optimized/project/Catch2/src/catch2/reporters/catch_reporter_multi.cpp""]",[],"[""cmake_object_order_depends_target_Catch2""]",[],/usr/bin/c++  -I/home/lyu/BuildAC/Ninja_optimized/project/Catch2/src/catch2/.. -I/home/lyu/BuildAC/Ninja_optimized/project/catch_build/generated-includes -ffile-prefix-map=/home/lyu/BuildAC/Ninja_optimized/project/Catch2/= -MD -MT src/CMakeFiles/Catch2.dir/catch2/reporters/catch_reporter_multi.cpp.o -MF src/CMakeFiles/Catch2.dir/catch2/reporters/catch_reporter_multi.cpp.o.d -o src/CMakeFiles/Catch2.dir/catch2/reporters/catch_reporter_multi.cpp.o -c /home/lyu/BuildAC/Ninja_optimized/project/Catch2/src/catch2/reporters/catch_reporter_multi.cpp,Building CXX object src/CMakeFiles/Catch2.dir/catch2/reporters/catch_reporter_multi.cpp.o,src/CMakeFiles/Catch2.dir/catch2/reporters/catch_reporter_multi.cpp.o.d,"{""file_size"": 7159, ""loc"": 199, ""non_empty_loc"": 166, ""function_count"": 51, ""avg_function_length"": 4.706, ""max_function_length"": 15, ""include_count"": 5, ""template_count"": 0, ""class_count"": 0, ""max_nesting_depth"": 4, ""branch_keyword_count"": 26, ""max_cyclomatic_proxy"": 27}","{""producer_dep_count"": 1, ""consumer_count"": 1, ""all_input_count"": 2, ""longest_remaining_hops"": 6}",,,/home/lyu/BuildAC/Ninja_optimized/project/catch_build/build.ninja,303
/home/lyu/BuildAC/Ninja_optimized/project/catch_build/build.ninja:312:35,src/CMakeFiles/Catch2.dir/catch2/reporters/catch_reporter_registrars.cpp.o,CXX_COMPILER__Catch2_unscanned_,compile,"[""src/CMakeFiles/Catch2.dir/catch2/reporters/catch_reporter_registrars.cpp.o""]","[""/home/lyu/BuildAC/Ninja_optimized/project/Catch2/src/catch2/reporters/catch_reporter_registrars.cpp""]",[],"[""cmake_object_order_depends_target_Catch2""]",[],/usr/bin/c++  -I/home/lyu/BuildAC/Ninja_optimized/project/Catch2/src/catch2/.. -I/home/lyu/BuildAC/Ninja_optimized/project/catch_build/generated-includes -ffile-prefix-map=/home/lyu/BuildAC/Ninja_optimized/project/Catch2/= -MD -MT src/CMakeFiles/Catch2.dir/catch2/reporters/catch_reporter_registrars.cpp.o -MF src/CMakeFiles/Catch2.dir/catch2/reporters/catch_reporter_registrars.cpp.o.d -o src/CMakeFiles/Catch2.dir/catch2/reporters/catch_reporter_registrars.cpp.o -c /home/lyu/BuildAC/Ninja_optimized/project/Catch2/src/catch2/reporters/catch_reporter_registrars.cpp,Building CXX object src/CMakeFiles/Catch2.dir/catch2/reporters/catch_reporter_registrars.cpp.o,src/CMakeFiles/Catch2.dir/catch2/reporters/catch_reporter_registrars.cpp.o.d,"{""file_size"": 1249, ""loc"": 36, ""non_empty_loc"": 27, ""function_count"": 2, ""avg_function_length"": 7.0, ""max_function_length"": 11, ""include_count"": 3, ""template_count"": 0, ""class_count"": 0, ""max_nesting_depth"": 4, ""branch_keyword_count"": 0, ""max_cyclomatic_proxy"": 1}","{""producer_dep_count"": 1, ""consumer_count"": 1, ""all_input_count"": 2, ""longest_remaining_hops"": 6}",,,/home/lyu/BuildAC/Ninja_optimized/project/catch_build/build.ninja,312
/home/lyu/BuildAC/Ninja_optimized/project/catch_build/build.ninja:321:36,src/CMakeFiles/Catch2.dir/catch2/reporters/catch_reporter_sonarqube.cpp.o,CXX_COMPILER__Catch2_unscanned_,compile,"[""src/CMakeFiles/Catch2.dir/catch2/reporters/catch_reporter_sonarqube.cpp.o""]","[""/home/lyu/BuildAC/Ninja_optimized/project/Catch2/src/catch2/reporters/catch_reporter_sonarqube.cpp""]",[],"[""cmake_object_order_depends_target_Catch2""]",[],/usr/bin/c++  -I/home/lyu/BuildAC/Ninja_optimized/project/Catch2/src/catch2/.. -I/home/lyu/BuildAC/Ninja_optimized/project/catch_build/generated-includes -ffile-prefix-map=/home/lyu/BuildAC/Ninja_optimized/project/Catch2/= -MD -MT src/CMakeFiles/Catch2.dir/catch2/reporters/catch_reporter_sonarqube.cpp.o -MF src/CMakeFiles/Catch2.dir/catch2/reporters/catch_reporter_sonarqube.cpp.o.d -o src/CMakeFiles/Catch2.dir/catch2/reporters/catch_reporter_sonarqube.cpp.o -c /home/lyu/BuildAC/Ninja_optimized/project/Catch2/src/catch2/reporters/catch_reporter_sonarqube.cpp,Building CXX object src/CMakeFiles/Catch2.dir/catch2/reporters/catch_reporter_sonarqube.cpp.o,src/CMakeFiles/Catch2.dir/catch2/reporters/catch_reporter_sonarqube.cpp.o.d,"{""file_size"": 6282, ""loc"": 162, ""non_empty_loc"": 135, ""function_count"": 20, ""avg_function_length"": 12.6, ""max_function_length"": 63, ""include_count"": 8, ""template_count"": 0, ""class_count"": 0, ""max_nesting_depth"": 5, ""branch_keyword_count"": 29, ""max_cyclomatic_proxy"": 30}","{""producer_dep_count"": 1, ""consumer_count"": 1, ""all_input_count"": 2, ""longest_remaining_hops"": 6}",,,/home/lyu/BuildAC/Ninja_optimized/project/catch_build/build.ninja,321
/home/lyu/BuildAC/Ninja_optimized/project/catch_build/build.ninja:330:37,src/CMakeFiles/Catch2.dir/catch2/reporters/catch_reporter_streaming_base.cpp.o,CXX_COMPILER__Catch2_unscanned_,compile,"[""src/CMakeFiles/Catch2.dir/catch2/reporters/catch_reporter_streaming_base.cpp.o""]","[""/home/lyu/BuildAC/Ninja_optimized/project/Catch2/src/catch2/reporters/catch_reporter_streaming_base.cpp""]",[],"[""cmake_object_order_depends_target_Catch2""]",[],/usr/bin/c++  -I/home/lyu/BuildAC/Ninja_optimized/project/Catch2/src/catch2/.. -I/home/lyu/BuildAC/Ninja_optimized/project/catch_build/generated-includes -ffile-prefix-map=/home/lyu/BuildAC/Ninja_optimized/project/Catch2/= -MD -MT src/CMakeFiles/Catch2.dir/catch2/reporters/catch_reporter_streaming_base.cpp.o -MF src/CMakeFiles/Catch2.dir/catch2/reporters/catch_reporter_streaming_base.cpp.o.d -o src/CMakeFiles/Catch2.dir/catch2/reporters/catch_reporter_streaming_base.cpp.o -c /home/lyu/BuildAC/Ninja_optimized/project/Catch2/src/catch2/reporters/catch_reporter_streaming_base.cpp,Building CXX object src/CMakeFiles/Catch2.dir/catch2/reporters/catch_reporter_streaming_base.cpp.o,src/CMakeFiles/Catch2.dir/catch2/reporters/catch_reporter_streaming_base.cpp.o.d,"{""file_size"": 667, ""loc"": 23, ""non_empty_loc"": 16, ""function_count"": 2, ""avg_function_length"": 3.0, ""max_function_length"": 3, ""include_count"": 1, ""template_count"": 0, ""class_count"": 0, ""max_nesting_depth"": 2, ""branch_keyword_count"": 0, ""max_cyclomatic_proxy"": 1}","{""producer_dep_count"": 1, ""consumer_count"": 1, ""all_input_count"": 2, ""longest_remaining_hops"": 6}",,,/home/lyu/BuildAC/Ninja_optimized/project/catch_build/build.ninja,330
/home/lyu/BuildAC/Ninja_optimized/project/catch_build/build.ninja:339:38,src/CMakeFiles/Catch2.dir/catch2/reporters/catch_reporter_tap.cpp.o,CXX_COMPILER__Catch2_unscanned_,compile,"[""src/CMakeFiles/Catch2.dir/catch2/reporters/catch_reporter_tap.cpp.o""]","[""/home/lyu/BuildAC/Ninja_optimized/project/Catch2/src/catch2/reporters/catch_reporter_tap.cpp""]",[],"[""cmake_object_order_depends_target_Catch2""]",[],/usr/bin/c++  -I/home/lyu/BuildAC/Ninja_optimized/project/Catch2/src/catch2/.. -I/home/lyu/BuildAC/Ninja_optimized/project/catch_build/generated-includes -ffile-prefix-map=/home/lyu/BuildAC/Ninja_optimized/project/Catch2/= -MD -MT src/CMakeFiles/Catch2.dir/catch2/reporters/catch_reporter_tap.cpp.o -MF src/CMakeFiles/Catch2.dir/catch2/reporters/catch_reporter_tap.cpp.o.d -o src/CMakeFiles/Catch2.dir/catch2/reporters/catch_reporter_tap.cpp.o -c /home/lyu/BuildAC/Ninja_optimized/project/Catch2/src/catch2/reporters/catch_reporter_tap.cpp,Building CXX object src/CMakeFiles/Catch2.dir/catch2/reporters/catch_reporter_tap.cpp.o,src/CMakeFiles/Catch2.dir/catch2/reporters/catch_reporter_tap.cpp.o.d,"{""file_size"": 8921, ""loc"": 229, ""non_empty_loc"": 198, ""function_count"": 26, ""avg_function_length"": 10.731, ""max_function_length"": 75, ""include_count"": 9, ""template_count"": 0, ""class_count"": 1, ""max_nesting_depth"": 7, ""branch_keyword_count"": 27, ""max_cyclomatic_proxy"": 28}","{""producer_dep_count"": 1, ""consumer_count"": 1, ""all_input_count"": 2, ""longest_remaining_hops"": 6}",,,/home/lyu/BuildAC/Ninja_optimized/project/catch_build/build.ninja,339
/home/lyu/BuildAC/Ninja_optimized/project/catch_build/build.ninja:348:39,src/CMakeFiles/Catch2.dir/catch2/reporters/catch_reporter_teamcity.cpp.o,CXX_COMPILER__Catch2_unscanned_,compile,"[""src/CMakeFiles/Catch2.dir/catch2/reporters/catch_reporter_teamcity.cpp.o""]","[""/home/lyu/BuildAC/Ninja_optimized/project/Catch2/src/catch2/reporters/catch_reporter_teamcity.cpp""]",[],"[""cmake_object_order_depends_target_Catch2""]",[],/usr/bin/c++  -I/home/lyu/BuildAC/Ninja_optimized/project/Catch2/src/catch2/.. -I/home/lyu/BuildAC/Ninja_optimized/project/catch_build/generated-includes -ffile-prefix-map=/home/lyu/BuildAC/Ninja_optimized/project/Catch2/= -MD -MT src/CMakeFiles/Catch2.dir/catch2/reporters/catch_reporter_teamcity.cpp.o -MF src/CMakeFiles/Catch2.dir/catch2/reporters/catch_reporter_teamcity.cpp.o.d -o src/CMakeFiles/Catch2.dir/catch2/reporters/catch_reporter_teamcity.cpp.o -c /home/lyu/BuildAC/Ninja_optimized/project/Catch2/src/catch2/reporters/catch_reporter_teamcity.cpp,Building CXX object src/CMakeFiles/Catch2.dir/catch2/reporters/catch_reporter_teamcity.cpp.o,src/CMakeFiles/Catch2.dir/catch2/reporters/catch_reporter_teamcity.cpp.o.d,"{""file_size"": 6765, ""loc"": 177, ""non_empty_loc"": 150, ""function_count"": 14, ""avg_function_length"": 18.643, ""max_function_length"": 71, ""include_count"": 8, ""template_count"": 0, ""class_count"": 0, ""max_nesting_depth"": 4, ""branch_keyword_count"": 25, ""max_cyclomatic_proxy"": 26}","{""producer_dep_count"": 1, ""consumer_count"": 1, ""all_input_count"": 2, ""longest_remaining_hops"": 6}",,,/home/lyu/BuildAC/Ninja_optimized/project/catch_build/build.ninja,348
/home/lyu/BuildAC/Ninja_optimized/project/catch_build/build.ninja:357:40,src/CMakeFiles/Catch2.dir/catch2/reporters/catch_reporter_xml.cpp.o,CXX_COMPILER__Catch2_unscanned_,compile,"[""src/CMakeFiles/Catch2.dir/catch2/reporters/catch_reporter_xml.cpp.o""]","[""/home/lyu/BuildAC/Ninja_optimized/project/Catch2/src/catch2/reporters/catch_reporter_xml.cpp""]",[],"[""cmake_object_order_depends_target_Catch2""]",[],/usr/bin/c++  -I/home/lyu/BuildAC/Ninja_optimized/project/Catch2/src/catch2/.. -I/home/lyu/BuildAC/Ninja_optimized/project/catch_build/generated-includes -ffile-prefix-map=/home/lyu/BuildAC/Ninja_optimized/project/Catch2/= -MD -MT src/CMakeFiles/Catch2.dir/catch2/reporters/catch_reporter_xml.cpp.o -MF src/CMakeFiles/Catch2.dir/catch2/reporters/catch_reporter_xml.cpp.o.d -o src/CMakeFiles/Catch2.dir/catch2/reporters/catch_reporter_xml.cpp.o -c /home/lyu/BuildAC/Ninja_optimized/project/Catch2/src/catch2/reporters/catch_reporter_xml.cpp,Building CXX object src/CMakeFiles/Catch2.dir/catch2/reporters/catch_reporter_xml.cpp.o,src/CMakeFiles/Catch2.dir/catch2/reporters/catch_reporter_xml.cpp.o.d,"{""file_size"": 15122, ""loc"": 332, ""non_empty_loc"": 291, ""function_count"": 34, ""avg_function_length"": 12.971, ""max_function_length"": 81, ""include_count"": 9, ""template_count"": 0, ""class_count"": 0, ""max_nesting_depth"": 5, ""branch_keyword_count"": 29, ""max_cyclomatic_proxy"": 30}","{""producer_dep_count"": 1, ""consumer_count"": 1, ""all_input_count"": 2, ""longest_remaining_hops"": 6}",,,/home/lyu/BuildAC/Ninja_optimized/project/catch_build/build.ninja,357
/home/lyu/BuildAC/Ninja_optimized/project/catch_build/build.ninja:366:41,src/CMakeFiles/Catch2.dir/catch2/interfaces/catch_interfaces_capture.cpp.o,CXX_COMPILER__Catch2_unscanned_,compile,"[""src/CMakeFiles/Catch2.dir/catch2/interfaces/catch_interfaces_capture.cpp.o""]","[""/home/lyu/BuildAC/Ninja_optimized/project/Catch2/src/catch2/interfaces/catch_interfaces_capture.cpp""]",[],"[""cmake_object_order_depends_target_Catch2""]",[],/usr/bin/c++  -I/home/lyu/BuildAC/Ninja_optimized/project/Catch2/src/catch2/.. -I/home/lyu/BuildAC/Ninja_optimized/project/catch_build/generated-includes -ffile-prefix-map=/home/lyu/BuildAC/Ninja_optimized/project/Catch2/= -MD -MT src/CMakeFiles/Catch2.dir/catch2/interfaces/catch_interfaces_capture.cpp.o -MF src/CMakeFiles/Catch2.dir/catch2/interfaces/catch_interfaces_capture.cpp.o.d -o src/CMakeFiles/Catch2.dir/catch2/interfaces/catch_interfaces_capture.cpp.o -c /home/lyu/BuildAC/Ninja_optimized/project/Catch2/src/catch2/interfaces/catch_interfaces_capture.cpp,Building CXX object src/CMakeFiles/Catch2.dir/catch2/interfaces/catch_interfaces_capture.cpp.o,src/CMakeFiles/Catch2.dir/catch2/interfaces/catch_interfaces_capture.cpp.o.d,"{""file_size"": 600, ""loc"": 20, ""non_empty_loc"": 15, ""function_count"": 1, ""avg_function_length"": 3.0, ""max_function_length"": 3, ""include_count"": 2, ""template_count"": 0, ""class_count"": 0, ""max_nesting_depth"": 3, ""branch_keyword_count"": 0, ""max_cyclomatic_proxy"": 1}","{""producer_dep_count"": 1, ""consumer_count"": 1, ""all_input_count"": 2, ""longest_remaining_hops"": 6}",,,/home/lyu/BuildAC/Ninja_optimized/project/catch_build/build.ninja,366
/home/lyu/BuildAC/Ninja_optimized/project/catch_build/build.ninja:375:42,src/CMakeFiles/Catch2.dir/catch2/interfaces/catch_interfaces_config.cpp.o,CXX_COMPILER__Catch2_unscanned_,compile,"[""src/CMakeFiles/Catch2.dir/catch2/interfaces/catch_interfaces_config.cpp.o""]","[""/home/lyu/BuildAC/Ninja_optimized/project/Catch2/src/catch2/interfaces/catch_interfaces_config.cpp""]",[],"[""cmake_object_order_depends_target_Catch2""]",[],/usr/bin/c++  -I/home/lyu/BuildAC/Ninja_optimized/project/Catch2/src/catch2/.. -I/home/lyu/BuildAC/Ninja_optimized/project/catch_build/generated-includes -ffile-prefix-map=/home/lyu/BuildAC/Ninja_optimized/project/Catch2/= -MD -MT src/CMakeFiles/Catch2.dir/catch2/interfaces/catch_interfaces_config.cpp.o -MF src/CMakeFiles/Catch2.dir/catch2/interfaces/catch_interfaces_config.cpp.o.d -o src/CMakeFiles/Catch2.dir/catch2/interfaces/catch_interfaces_config.cpp.o -c /home/lyu/BuildAC/Ninja_optimized/project/Catch2/src/catch2/interfaces/catch_interfaces_config.cpp,Building CXX object src/CMakeFiles/Catch2.dir/catch2/interfaces/catch_interfaces_config.cpp.o,src/CMakeFiles/Catch2.dir/catch2/interfaces/catch_interfaces_config.cpp.o.d,"{""file_size"": 355, ""loc"": 13, ""non_empty_loc"": 9, ""function_count"": 0, ""avg_function_length"": 0, ""max_function_length"": 0, ""include_count"": 1, ""template_count"": 0, ""class_count"": 0, ""max_nesting_depth"": 1, ""branch_keyword_count"": 0, ""max_cyclomatic_proxy"": 1}","{""producer_dep_count"": 1, ""consumer_count"": 1, ""all_input_count"": 2, ""longest_remaining_hops"": 6}",,,/home/lyu/BuildAC/Ninja_optimized/project/catch_build/build.ninja,375
/home/lyu/BuildAC/Ninja_optimized/project/catch_build/build.ninja:384:43,src/CMakeFiles/Catch2.dir/catch2/interfaces/catch_interfaces_exception.cpp.o,CXX_COMPILER__Catch2_unscanned_,compile,"[""src/CMakeFiles/Catch2.dir/catch2/interfaces/catch_interfaces_exception.cpp.o""]","[""/home/lyu/BuildAC/Ninja_optimized/project/Catch2/src/catch2/interfaces/catch_interfaces_exception.cpp""]",[],"[""cmake_object_order_depends_target_Catch2""]",[],/usr/bin/c++  -I/home/lyu/BuildAC/Ninja_optimized/project/Catch2/src/catch2/.. -I/home/lyu/BuildAC/Ninja_optimized/project/catch_build/generated-includes -ffile-prefix-map=/home/lyu/BuildAC/Ninja_optimized/project/Catch2/= -MD -MT src/CMakeFiles/Catch2.dir/catch2/interfaces/catch_interfaces_exception.cpp.o -MF src/CMakeFiles/Catch2.dir/catch2/interfaces/catch_interfaces_exception.cpp.o.d -o src/CMakeFiles/Catch2.dir/catch2/interfaces/catch_interfaces_exception.cpp.o -c /home/lyu/BuildAC/Ninja_optimized/project/Catch2/src/catch2/interfaces/catch_interfaces_exception.cpp,Building CXX object src/CMakeFiles/Catch2.dir/catch2/interfaces/catch_interfaces_exception.cpp.o,src/CMakeFiles/Catch2.dir/catch2/interfaces/catch_interfaces_exception.cpp.o.d,"{""file_size"": 461, ""loc"": 14, ""non_empty_loc"": 10, ""function_count"": 0, ""avg_function_length"": 0, ""max_function_length"": 0, ""include_count"": 1, ""template_count"": 0, ""class_count"": 0, ""max_nesting_depth"": 1, ""branch_keyword_count"": 0, ""max_cyclomatic_proxy"": 1}","{""producer_dep_count"": 1, ""consumer_count"": 1, ""all_input_count"": 2, ""longest_remaining_hops"": 6}",,,/home/lyu/BuildAC/Ninja_optimized/project/catch_build/build.ninja,384
/home/lyu/BuildAC/Ninja_optimized/project/catch_build/build.ninja:393:44,src/CMakeFiles/Catch2.dir/catch2/interfaces/catch_interfaces_generatortracker.cpp.o,CXX_COMPILER__Catch2_unscanned_,compile,"[""src/CMakeFiles/Catch2.dir/catch2/interfaces/catch_interfaces_generatortracker.cpp.o""]","[""/home/lyu/BuildAC/Ninja_optimized/project/Catch2/src/catch2/interfaces/catch_interfaces_generatortracker.cpp""]",[],"[""cmake_object_order_depends_target_Catch2""]",[],/usr/bin/c++  -I/home/lyu/BuildAC/Ninja_optimized/project/Catch2/src/catch2/.. -I/home/lyu/BuildAC/Ninja_optimized/project/catch_build/generated-includes -ffile-prefix-map=/home/lyu/BuildAC/Ninja_optimized/project/Catch2/= -MD -MT src/CMakeFiles/Catch2.dir/catch2/interfaces/catch_interfaces_generatortracker.cpp.o -MF src/CMakeFiles/Catch2.dir/catch2/interfaces/catch_interfaces_generatortracker.cpp.o.d -o src/CMakeFiles/Catch2.dir/catch2/interfaces/catch_interfaces_generatortracker.cpp.o -c /home/lyu/BuildAC/Ninja_optimized/project/Catch2/src/catch2/interfaces/catch_interfaces_generatortracker.cpp,Building CXX object src/CMakeFiles/Catch2.dir/catch2/interfaces/catch_interfaces_generatortracker.cpp.o,src/CMakeFiles/Catch2.dir/catch2/interfaces/catch_interfaces_generatortracker.cpp.o.d,"{""file_size"": 2019, ""loc"": 61, ""non_empty_loc"": 49, ""function_count"": 10, ""avg_function_length"": 5.4, ""max_function_length"": 14, ""include_count"": 3, ""template_count"": 0, ""class_count"": 0, ""max_nesting_depth"": 5, ""branch_keyword_count"": 6, ""max_cyclomatic_proxy"": 7}","{""producer_dep_count"": 1, ""consumer_count"": 1, ""all_input_count"": 2, ""longest_remaining_hops"": 6}",,,/home/lyu/BuildAC/Ninja_optimized/project/catch_build/build.ninja,393
/home/lyu/BuildAC/Ninja_optimized/project/catch_build/build.ninja:402:45,src/CMakeFiles/Catch2.dir/catch2/interfaces/catch_interfaces_registry_hub.cpp.o,CXX_COMPILER__Catch2_unscanned_,compile,"[""src/CMakeFiles/Catch2.dir/catch2/interfaces/catch_interfaces_registry_hub.cpp.o""]","[""/home/lyu/BuildAC/Ninja_optimized/project/Catch2/src/catch2/interfaces/catch_interfaces_registry_hub.cpp""]",[],"[""cmake_object_order_depends_target_Catch2""]",[],/usr/bin/c++  -I/home/lyu/BuildAC/Ninja_optimized/project/Catch2/src/catch2/.. -I/home/lyu/BuildAC/Ninja_optimized/project/catch_build/generated-includes -ffile-prefix-map=/home/lyu/BuildAC/Ninja_optimized/project/Catch2/= -MD -MT src/CMakeFiles/Catch2.dir/catch2/interfaces/catch_interfaces_registry_hub.cpp.o -MF src/CMakeFiles/Catch2.dir/catch2/interfaces/catch_interfaces_registry_hub.cpp.o.d -o src/CMakeFiles/Catch2.dir/catch2/interfaces/catch_interfaces_registry_hub.cpp.o -c /home/lyu/BuildAC/Ninja_optimized/project/Catch2/src/catch2/interfaces/catch_interfaces_registry_hub.cpp,Building CXX object src/CMakeFiles/Catch2.dir/catch2/interfaces/catch_interfaces_registry_hub.cpp.o,src/CMakeFiles/Catch2.dir/catch2/interfaces/catch_interfaces_registry_hub.cpp.o.d,"{""file_size"": 430, ""loc"": 14, ""non_empty_loc"": 10, ""function_count"": 0, ""avg_function_length"": 0, ""max_function_length"": 0, ""include_count"": 1, ""template_count"": 0, ""class_count"": 0, ""max_nesting_depth"": 1, ""branch_keyword_count"": 0, ""max_cyclomatic_proxy"": 1}","{""producer_dep_count"": 1, ""consumer_count"": 1, ""all_input_count"": 2, ""longest_remaining_hops"": 6}",,,/home/lyu/BuildAC/Ninja_optimized/project/catch_build/build.ninja,402
/home/lyu/BuildAC/Ninja_optimized/project/catch_build/build.ninja:411:46,src/CMakeFiles/Catch2.dir/catch2/interfaces/catch_interfaces_reporter.cpp.o,CXX_COMPILER__Catch2_unscanned_,compile,"[""src/CMakeFiles/Catch2.dir/catch2/interfaces/catch_interfaces_reporter.cpp.o""]","[""/home/lyu/BuildAC/Ninja_optimized/project/Catch2/src/catch2/interfaces/catch_interfaces_reporter.cpp""]",[],"[""cmake_object_order_depends_target_Catch2""]",[],/usr/bin/c++  -I/home/lyu/BuildAC/Ninja_optimized/project/Catch2/src/catch2/.. -I/home/lyu/BuildAC/Ninja_optimized/project/catch_build/generated-includes -ffile-prefix-map=/home/lyu/BuildAC/Ninja_optimized/project/Catch2/= -MD -MT src/CMakeFiles/Catch2.dir/catch2/interfaces/catch_interfaces_reporter.cpp.o -MF src/CMakeFiles/Catch2.dir/catch2/interfaces/catch_interfaces_reporter.cpp.o.d -o src/CMakeFiles/Catch2.dir/catch2/interfaces/catch_interfaces_reporter.cpp.o -c /home/lyu/BuildAC/Ninja_optimized/project/Catch2/src/catch2/interfaces/catch_interfaces_reporter.cpp,Building CXX object src/CMakeFiles/Catch2.dir/catch2/interfaces/catch_interfaces_reporter.cpp.o,src/CMakeFiles/Catch2.dir/catch2/interfaces/catch_interfaces_reporter.cpp.o.d,"{""file_size"": 3407, ""loc"": 93, ""non_empty_loc"": 76, ""function_count"": 9, ""avg_function_length"": 3.0, ""max_function_length"": 10, ""include_count"": 6, ""template_count"": 0, ""class_count"": 0, ""max_nesting_depth"": 3, ""branch_keyword_count"": 1, ""max_cyclomatic_proxy"": 2}","{""producer_dep_count"": 1, ""consumer_count"": 1, ""all_input_count"": 2, ""longest_remaining_hops"": 6}",,,/home/lyu/BuildAC/Ninja_optimized/project/catch_build/build.ninja,411
/home/lyu/BuildAC/Ninja_optimized/project/catch_build/build.ninja:420:47,src/CMakeFiles/Catch2.dir/catch2/interfaces/catch_interfaces_reporter_factory.cpp.o,CXX_COMPILER__Catch2_unscanned_,compile,"[""src/CMakeFiles/Catch2.dir/catch2/interfaces/catch_interfaces_reporter_factory.cpp.o""]","[""/home/lyu/BuildAC/Ninja_optimized/project/Catch2/src/catch2/interfaces/catch_interfaces_reporter_factory.cpp""]",[],"[""cmake_object_order_depends_target_Catch2""]",[],/usr/bin/c++  -I/home/lyu/BuildAC/Ninja_optimized/project/Catch2/src/catch2/.. -I/home/lyu/BuildAC/Ninja_optimized/project/catch_build/generated-includes -ffile-prefix-map=/home/lyu/BuildAC/Ninja_optimized/project/Catch2/= -MD -MT src/CMakeFiles/Catch2.dir/catch2/interfaces/catch_interfaces_reporter_factory.cpp.o -MF src/CMakeFiles/Catch2.dir/catch2/interfaces/catch_interfaces_reporter_factory.cpp.o.d -o src/CMakeFiles/Catch2.dir/catch2/interfaces/catch_interfaces_reporter_factory.cpp.o -c /home/lyu/BuildAC/Ninja_optimized/project/Catch2/src/catch2/interfaces/catch_interfaces_reporter_factory.cpp,Building CXX object src/CMakeFiles/Catch2.dir/catch2/interfaces/catch_interfaces_reporter_factory.cpp.o,src/CMakeFiles/Catch2.dir/catch2/interfaces/catch_interfaces_reporter_factory.cpp.o.d,"{""file_size"": 444, ""loc"": 14, ""non_empty_loc"": 10, ""function_count"": 0, ""avg_function_length"": 0, ""max_function_length"": 0, ""include_count"": 1, ""template_count"": 0, ""class_count"": 0, ""max_nesting_depth"": 1, ""branch_keyword_count"": 0, ""max_cyclomatic_proxy"": 1}","{""producer_dep_count"": 1, ""consumer_count"": 1, ""all_input_count"": 2, ""longest_remaining_hops"": 6}",,,/home/lyu/BuildAC/Ninja_optimized/project/catch_build/build.ninja,420
/home/lyu/BuildAC/Ninja_optimized/project/catch_build/build.ninja:429:48,src/CMakeFiles/Catch2.dir/catch2/interfaces/catch_interfaces_testcase.cpp.o,CXX_COMPILER__Catch2_unscanned_,compile,"[""src/CMakeFiles/Catch2.dir/catch2/interfaces/catch_interfaces_testcase.cpp.o""]","[""/home/lyu/BuildAC/Ninja_optimized/project/Catch2/src/catch2/interfaces/catch_interfaces_testcase.cpp""]",[],"[""cmake_object_order_depends_target_Catch2""]",[],/usr/bin/c++  -I/home/lyu/BuildAC/Ninja_optimized/project/Catch2/src/catch2/.. -I/home/lyu/BuildAC/Ninja_optimized/project/catch_build/generated-includes -ffile-prefix-map=/home/lyu/BuildAC/Ninja_optimized/project/Catch2/= -MD -MT src/CMakeFiles/Catch2.dir/catch2/interfaces/catch_interfaces_testcase.cpp.o -MF src/CMakeFiles/Catch2.dir/catch2/interfaces/catch_interfaces_testcase.cpp.o.d -o src/CMakeFiles/Catch2.dir/catch2/interfaces/catch_interfaces_testcase.cpp.o -c /home/lyu/BuildAC/Ninja_optimized/project/Catch2/src/catch2/interfaces/catch_interfaces_testcase.cpp,Building CXX object src/CMakeFiles/Catch2.dir/catch2/interfaces/catch_interfaces_testcase.cpp.o,src/CMakeFiles/Catch2.dir/catch2/interfaces/catch_interfaces_testcase.cpp.o.d,"{""file_size"": 377, ""loc"": 13, ""non_empty_loc"": 9, ""function_count"": 0, ""avg_function_length"": 0, ""max_function_length"": 0, ""include_count"": 1, ""template_count"": 0, ""class_count"": 0, ""max_nesting_depth"": 1, ""branch_keyword_count"": 0, ""max_cyclomatic_proxy"": 1}","{""producer_dep_count"": 1, ""consumer_count"": 1, ""all_input_count"": 2, ""longest_remaining_hops"": 6}",,,/home/lyu/BuildAC/Ninja_optimized/project/catch_build/build.ninja,429
/home/lyu/BuildAC/Ninja_optimized/project/catch_build/build.ninja:438:49,src/CMakeFiles/Catch2.dir/catch2/catch_approx.cpp.o,CXX_COMPILER__Catch2_unscanned_,compile,"[""src/CMakeFiles/Catch2.dir/catch2/catch_approx.cpp.o""]","[""/home/lyu/BuildAC/Ninja_optimized/project/Catch2/src/catch2/catch_approx.cpp""]",[],"[""cmake_object_order_depends_target_Catch2""]",[],/usr/bin/c++  -I/home/lyu/BuildAC/Ninja_optimized/project/Catch2/src/catch2/.. -I/home/lyu/BuildAC/Ninja_optimized/project/catch_build/generated-includes -ffile-prefix-map=/home/lyu/BuildAC/Ninja_optimized/project/Catch2/= -MD -MT src/CMakeFiles/Catch2.dir/catch2/catch_approx.cpp.o -MF src/CMakeFiles/Catch2.dir/catch2/catch_approx.cpp.o.d -o src/CMakeFiles/Catch2.dir/catch2/catch_approx.cpp.o -c /home/lyu/BuildAC/Ninja_optimized/project/Catch2/src/catch2/catch_approx.cpp,Building CXX object src/CMakeFiles/Catch2.dir/catch2/catch_approx.cpp.o,src/CMakeFiles/Catch2.dir/catch2/catch_approx.cpp.o.d,"{""file_size"": 2584, ""loc"": 85, ""non_empty_loc"": 67, ""function_count"": 10, ""avg_function_length"": 3.9, ""max_function_length"": 6, ""include_count"": 5, ""template_count"": 0, ""class_count"": 0, ""max_nesting_depth"": 3, ""branch_keyword_count"": 0, ""max_cyclomatic_proxy"": 1}","{""producer_dep_count"": 1, ""consumer_count"": 1, ""all_input_count"": 2, ""longest_remaining_hops"": 6}",,,/home/lyu/BuildAC/Ninja_optimized/project/catch_build/build.ninja,438
/home/lyu/BuildAC/Ninja_optimized/project/catch_build/build.ninja:447:50,src/CMakeFiles/Catch2.dir/catch2/catch_assertion_result.cpp.o,CXX_COMPILER__Catch2_unscanned_,compile,"[""src/CMakeFiles/Catch2.dir/catch2/catch_assertion_result.cpp.o""]","[""/home/lyu/BuildAC/Ninja_optimized/project/Catch2/src/catch2/catch_assertion_result.cpp""]",[],"[""cmake_object_order_depends_target_Catch2""]",[],/usr/bin/c++  -I/home/lyu/BuildAC/Ninja_optimized/project/Catch2/src/catch2/.. -I/home/lyu/BuildAC/Ninja_optimized/project/catch_build/generated-includes -ffile-prefix-map=/home/lyu/BuildAC/Ninja_optimized/project/Catch2/= -MD -MT src/CMakeFiles/Catch2.dir/catch2/catch_assertion_result.cpp.o -MF src/CMakeFiles/Catch2.dir/catch2/catch_assertion_result.cpp.o.d -o src/CMakeFiles/Catch2.dir/catch2/catch_assertion_result.cpp.o -c /home/lyu/BuildAC/Ninja_optimized/project/Catch2/src/catch2/catch_assertion_result.cpp,Building CXX object src/CMakeFiles/Catch2.dir/catch2/catch_assertion_result.cpp.o,src/CMakeFiles/Catch2.dir/catch2/catch_assertion_result.cpp.o.d,"{""file_size"": 3397, ""loc"": 105, ""non_empty_loc"": 86, ""function_count"": 20, ""avg_function_length"": 4.55, ""max_function_length"": 12, ""include_count"": 3, ""template_count"": 0, ""class_count"": 0, ""max_nesting_depth"": 4, ""branch_keyword_count"": 5, ""max_cyclomatic_proxy"": 6}","{""producer_dep_count"": 1, ""consumer_count"": 1, ""all_input_count"": 2, ""longest_remaining_hops"": 6}",,,/home/lyu/BuildAC/Ninja_optimized/project/catch_build/build.ninja,447
/home/lyu/BuildAC/Ninja_optimized/project/catch_build/build.ninja:456:51,src/CMakeFiles/Catch2.dir/catch2/catch_config.cpp.o,CXX_COMPILER__Catch2_unscanned_,compile,"[""src/CMakeFiles/Catch2.dir/catch2/catch_config.cpp.o""]","[""/home/lyu/BuildAC/Ninja_optimized/project/Catch2/src/catch2/catch_config.cpp""]",[],"[""cmake_object_order_depends_target_Catch2""]",[],/usr/bin/c++  -I/home/lyu/BuildAC/Ninja_optimized/project/Catch2/src/catch2/.. -I/home/lyu/BuildAC/Ninja_optimized/project/catch_build/generated-includes -ffile-prefix-map=/home/lyu/BuildAC/Ninja_optimized/project/Catch2/= -MD -MT src/CMakeFiles/Catch2.dir/catch2/catch_config.cpp.o -MF src/CMakeFiles/Catch2.dir/catch2/catch_config.cpp.o.d -o src/CMakeFiles/Catch2.dir/catch2/catch_config.cpp.o -c /home/lyu/BuildAC/Ninja_optimized/project/Catch2/src/catch2/catch_config.cpp,Building CXX object src/CMakeFiles/Catch2.dir/catch2/catch_config.cpp.o,src/CMakeFiles/Catch2.dir/catch2/catch_config.cpp.o.d,"{""file_size"": 12190, ""loc"": 278, ""non_empty_loc"": 237, ""function_count"": 61, ""avg_function_length"": 5.82, ""max_function_length"": 63, ""include_count"": 11, ""template_count"": 0, ""class_count"": 1, ""max_nesting_depth"": 5, ""branch_keyword_count"": 23, ""max_cyclomatic_proxy"": 24}","{""producer_dep_count"": 1, ""consumer_count"": 1, ""all_input_count"": 2, ""longest_remaining_hops"": 6}",,,/home/lyu/BuildAC/Ninja_optimized/project/catch_build/build.ninja,456
/home/lyu/BuildAC/Ninja_optimized/project/catch_build/build.ninja:465:52,src/CMakeFiles/Catch2.dir/catch2/catch_get_random_seed.cpp.o,CXX_COMPILER__Catch2_unscanned_,compile,"[""src/CMakeFiles/Catch2.dir/catch2/catch_get_random_seed.cpp.o""]","[""/home/lyu/BuildAC/Ninja_optimized/project/Catch2/src/catch2/catch_get_random_seed.cpp""]",[],"[""cmake_object_order_depends_target_Catch2""]",[],/usr/bin/c++  -I/home/lyu/BuildAC/Ninja_optimized/project/Catch2/src/catch2/.. -I/home/lyu/BuildAC/Ninja_optimized/project/catch_build/generated-includes -ffile-prefix-map=/home/lyu/BuildAC/Ninja_optimized/project/Catch2/= -MD -MT src/CMakeFiles/Catch2.dir/catch2/catch_get_random_seed.cpp.o -MF src/CMakeFiles/Catch2.dir/catch2/catch_get_random_seed.cpp.o.d -o src/CMakeFiles/Catch2.dir/catch2/catch_get_random_seed.cpp.o -c /home/lyu/BuildAC/Ninja_optimized/project/Catch2/src/catch2/catch_get_random_seed.cpp,Building CXX object src/CMakeFiles/Catch2.dir/catch2/catch_get_random_seed.cpp.o,src/CMakeFiles/Catch2.dir/catch2/catch_get_random_seed.cpp.o.d,"{""file_size"": 483, ""loc"": 18, ""non_empty_loc"": 13, ""function_count"": 1, ""avg_function_length"": 3.0, ""max_function_length"": 3, ""include_count"": 3, ""template_count"": 0, ""class_count"": 0, ""max_nesting_depth"": 2, ""branch_keyword_count"": 0, ""max_cyclomatic_proxy"": 1}","{""producer_dep_count"": 1, ""consumer_count"": 1, ""all_input_count"": 2, ""longest_remaining_hops"": 6}",,,/home/lyu/BuildAC/Ninja_optimized/project/catch_build/build.ninja,465
/home/lyu/BuildAC/Ninja_optimized/project/catch_build/build.ninja:474:53,src/CMakeFiles/Catch2.dir/catch2/catch_message.cpp.o,CXX_COMPILER__Catch2_unscanned_,compile,"[""src/CMakeFiles/Catch2.dir/catch2/catch_message.cpp.o""]","[""/home/lyu/BuildAC/Ninja_optimized/project/Catch2/src/catch2/catch_message.cpp""]",[],"[""cmake_object_order_depends_target_Catch2""]",[],/usr/bin/c++  -I/home/lyu/BuildAC/Ninja_optimized/project/Catch2/src/catch2/.. -I/home/lyu/BuildAC/Ninja_optimized/project/catch_build/generated-includes -ffile-prefix-map=/home/lyu/BuildAC/Ninja_optimized/project/Catch2/= -MD -MT src/CMakeFiles/Catch2.dir/catch2/catch_message.cpp.o -MF src/CMakeFiles/Catch2.dir/catch2/catch_message.cpp.o.d -o src/CMakeFiles/Catch2.dir/catch2/catch_message.cpp.o -c /home/lyu/BuildAC/Ninja_optimized/project/Catch2/src/catch2/catch_message.cpp,Building CXX object src/CMakeFiles/Catch2.dir/catch2/catch_message.cpp.o,src/CMakeFiles/Catch2.dir/catch2/catch_message.cpp.o.d,"{""file_size"": 4113, ""loc"": 122, ""non_empty_loc"": 107, ""function_count"": 14, ""avg_function_length"": 10.071, ""max_function_length"": 59, ""include_count"": 5, ""template_count"": 0, ""class_count"": 0, ""max_nesting_depth"": 5, ""branch_keyword_count"": 20, ""max_cyclomatic_proxy"": 21}","{""producer_dep_count"": 1, ""consumer_count"": 1, ""all_input_count"": 2, ""longest_remaining_hops"": 6}",,,/home/lyu/BuildAC/Ninja_optimized/project/catch_build/build.ninja,474
/home/lyu/BuildAC/Ninja_optimized/project/catch_build/build.ninja:483:54,src/CMakeFiles/Catch2.dir/catch2/catch_registry_hub.cpp.o,CXX_COMPILER__Catch2_unscanned_,compile,"[""src/CMakeFiles/Catch2.dir/catch2/catch_registry_hub.cpp.o""]","[""/home/lyu/BuildAC/Ninja_optimized/project/Catch2/src/catch2/catch_registry_hub.cpp""]",[],"[""cmake_object_order_depends_target_Catch2""]",[],/usr/bin/c++  -I/home/lyu/BuildAC/Ninja_optimized/project/Catch2/src/catch2/.. -I/home/lyu/BuildAC/Ninja_optimized/project/catch_build/generated-includes -ffile-prefix-map=/home/lyu/BuildAC/Ninja_optimized/project/Catch2/= -MD -MT src/CMakeFiles/Catch2.dir/catch2/catch_registry_hub.cpp.o -MF src/CMakeFiles/Catch2.dir/catch2/catch_registry_hub.cpp.o.d -o src/CMakeFiles/Catch2.dir/catch2/catch_registry_hub.cpp.o -c /home/lyu/BuildAC/Ninja_optimized/project/Catch2/src/catch2/catch_registry_hub.cpp,Building CXX object src/CMakeFiles/Catch2.dir/catch2/catch_registry_hub.cpp.o,src/CMakeFiles/Catch2.dir/catch2/catch_registry_hub.cpp.o.d,"{""file_size"": 4197, ""loc"": 100, ""non_empty_loc"": 86, ""function_count"": 4, ""avg_function_length"": 3.0, ""max_function_length"": 3, ""include_count"": 14, ""template_count"": 0, ""class_count"": 1, ""max_nesting_depth"": 4, ""branch_keyword_count"": 1, ""max_cyclomatic_proxy"": 2}","{""producer_dep_count"": 1, ""consumer_count"": 1, ""all_input_count"": 2, ""longest_remaining_hops"": 6}",,,/home/lyu/BuildAC/Ninja_optimized/project/catch_build/build.ninja,483
/home/lyu/BuildAC/Ninja_optimized/project/catch_build/build.ninja:492:55,src/CMakeFiles/Catch2.dir/catch2/catch_session.cpp.o,CXX_COMPILER__Catch2_unscanned_,compile,"[""src/CMakeFiles/Catch2.dir/catch2/catch_session.cpp.o""]","[""/home/lyu/BuildAC/Ninja_optimized/project/Catch2/src/catch2/catch_session.cpp""]",[],"[""cmake_object_order_depends_target_Catch2""]",[],/usr/bin/c++  -I/home/lyu/BuildAC/Ninja_optimized/project/Catch2/src/catch2/.. -I/home/lyu/BuildAC/Ninja_optimized/project/catch_build/generated-includes -ffile-prefix-map=/home/lyu/BuildAC/Ninja_optimized/project/Catch2/= -MD -MT src/CMakeFiles/Catch2.dir/catch2/catch_session.cpp.o -MF src/CMakeFiles/Catch2.dir/catch2/catch_session.cpp.o.d -o src/CMakeFiles/Catch2.dir/catch2/catch_session.cpp.o -c /home/lyu/BuildAC/Ninja_optimized/project/Catch2/src/catch2/catch_session.cpp,Building CXX object src/CMakeFiles/Catch2.dir/catch2/catch_session.cpp.o,src/CMakeFiles/Catch2.dir/catch2/catch_session.cpp.o.d,"{""file_size"": 15690, ""loc"": 414, ""non_empty_loc"": 343, ""function_count"": 56, ""avg_function_length"": 9.875, ""max_function_length"": 82, ""include_count"": 26, ""template_count"": 0, ""class_count"": 1, ""max_nesting_depth"": 7, ""branch_keyword_count"": 49, ""max_cyclomatic_proxy"": 50}","{""producer_dep_count"": 1, ""consumer_count"": 1, ""all_input_count"": 2, ""longest_remaining_hops"": 6}",,,/home/lyu/BuildAC/Ninja_optimized/project/catch_build/build.ninja,492
/home/lyu/BuildAC/Ninja_optimized/project/catch_build/build.ninja:501:56,src/CMakeFiles/Catch2.dir/catch2/catch_tag_alias_autoregistrar.cpp.o,CXX_COMPILER__Catch2_unscanned_,compile,"[""src/CMakeFiles/Catch2.dir/catch2/catch_tag_alias_autoregistrar.cpp.o""]","[""/home/lyu/BuildAC/Ninja_optimized/project/Catch2/src/catch2/catch_tag_alias_autoregistrar.cpp""]",[],"[""cmake_object_order_depends_target_Catch2""]",[],/usr/bin/c++  -I/home/lyu/BuildAC/Ninja_optimized/project/Catch2/src/catch2/.. -I/home/lyu/BuildAC/Ninja_optimized/project/catch_build/generated-includes -ffile-prefix-map=/home/lyu/BuildAC/Ninja_optimized/project/Catch2/= -MD -MT src/CMakeFiles/Catch2.dir/catch2/catch_tag_alias_autoregistrar.cpp.o -MF src/CMakeFiles/Catch2.dir/catch2/catch_tag_alias_autoregistrar.cpp.o.d -o src/CMakeFiles/Catch2.dir/catch2/catch_tag_alias_autoregistrar.cpp.o -c /home/lyu/BuildAC/Ninja_optimized/project/Catch2/src/catch2/catch_tag_alias_autoregistrar.cpp,Building CXX object src/CMakeFiles/Catch2.dir/catch2/catch_tag_alias_autoregistrar.cpp.o,src/CMakeFiles/Catch2.dir/catch2/catch_tag_alias_autoregistrar.cpp.o.d,"{""file_size"": 879, ""loc"": 24, ""non_empty_loc"": 18, ""function_count"": 1, ""avg_function_length"": 8.0, ""max_function_length"": 8, ""include_count"": 3, ""template_count"": 0, ""class_count"": 0, ""max_nesting_depth"": 3, ""branch_keyword_count"": 0, ""max_cyclomatic_proxy"": 1}","{""producer_dep_count"": 1, ""consumer_count"": 1, ""all_input_count"": 2, ""longest_remaining_hops"": 6}",,,/home/lyu/BuildAC/Ninja_optimized/project/catch_build/build.ninja,501
/home/lyu/BuildAC/Ninja_optimized/project/catch_build/build.ninja:510:57,src/CMakeFiles/Catch2.dir/catch2/catch_test_case_info.cpp.o,CXX_COMPILER__Catch2_unscanned_,compile,"[""src/CMakeFiles/Catch2.dir/catch2/catch_test_case_info.cpp.o""]","[""/home/lyu/BuildAC/Ninja_optimized/project/Catch2/src/catch2/catch_test_case_info.cpp""]",[],"[""cmake_object_order_depends_target_Catch2""]",[],/usr/bin/c++  -I/home/lyu/BuildAC/Ninja_optimized/project/Catch2/src/catch2/.. -I/home/lyu/BuildAC/Ninja_optimized/project/catch_build/generated-includes -ffile-prefix-map=/home/lyu/BuildAC/Ninja_optimized/project/Catch2/= -MD -MT src/CMakeFiles/Catch2.dir/catch2/catch_test_case_info.cpp.o -MF src/CMakeFiles/Catch2.dir/catch2/catch_test_case_info.cpp.o.d -o src/CMakeFiles/Catch2.dir/catch2/catch_test_case_info.cpp.o -c /home/lyu/BuildAC/Ninja_optimized/project/Catch2/src/catch2/catch_test_case_info.cpp,Building CXX object src/CMakeFiles/Catch2.dir/catch2/catch_test_case_info.cpp.o,src/CMakeFiles/Catch2.dir/catch2/catch_test_case_info.cpp.o.d,"{""file_size"": 10476, ""loc"": 262, ""non_empty_loc"": 229, ""function_count"": 27, ""avg_function_length"": 8.889, ""max_function_length"": 71, ""include_count"": 8, ""template_count"": 0, ""class_count"": 0, ""max_nesting_depth"": 5, ""branch_keyword_count"": 27, ""max_cyclomatic_proxy"": 28}","{""producer_dep_count"": 1, ""consumer_count"": 1, ""all_input_count"": 2, ""longest_remaining_hops"": 6}",,,/home/lyu/BuildAC/Ninja_optimized/project/catch_build/build.ninja,510
/home/lyu/BuildAC/Ninja_optimized/project/catch_build/build.ninja:519:58,src/CMakeFiles/Catch2.dir/catch2/catch_test_spec.cpp.o,CXX_COMPILER__Catch2_unscanned_,compile,"[""src/CMakeFiles/Catch2.dir/catch2/catch_test_spec.cpp.o""]","[""/home/lyu/BuildAC/Ninja_optimized/project/Catch2/src/catch2/catch_test_spec.cpp""]",[],"[""cmake_object_order_depends_target_Catch2""]",[],/usr/bin/c++  -I/home/lyu/BuildAC/Ninja_optimized/project/Catch2/src/catch2/.. -I/home/lyu/BuildAC/Ninja_optimized/project/catch_build/generated-includes -ffile-prefix-map=/home/lyu/BuildAC/Ninja_optimized/project/Catch2/= -MD -MT src/CMakeFiles/Catch2.dir/catch2/catch_test_spec.cpp.o -MF src/CMakeFiles/Catch2.dir/catch2/catch_test_spec.cpp.o.d -o src/CMakeFiles/Catch2.dir/catch2/catch_test_spec.cpp.o -c /home/lyu/BuildAC/Ninja_optimized/project/Catch2/src/catch2/catch_test_spec.cpp,Building CXX object src/CMakeFiles/Catch2.dir/catch2/catch_test_spec.cpp.o,src/CMakeFiles/Catch2.dir/catch2/catch_test_spec.cpp.o.d,"{""file_size"": 4323, ""loc"": 141, ""non_empty_loc"": 116, ""function_count"": 28, ""avg_function_length"": 5.25, ""max_function_length"": 17, ""include_count"": 10, ""template_count"": 0, ""class_count"": 0, ""max_nesting_depth"": 4, ""branch_keyword_count"": 13, ""max_cyclomatic_proxy"": 14}","{""producer_dep_count"": 1, ""consumer_count"": 1, ""all_input_count"": 2, ""longest_remaining_hops"": 6}",,,/home/lyu/BuildAC/Ninja_optimized/project/catch_build/build.ninja,519
/home/lyu/BuildAC/Ninja_optimized/project/catch_build/build.ninja:528:59,src/CMakeFiles/Catch2.dir/catch2/catch_timer.cpp.o,CXX_COMPILER__Catch2_unscanned_,compile,"[""src/CMakeFiles/Catch2.dir/catch2/catch_timer.cpp.o""]","[""/home/lyu/BuildAC/Ninja_optimized/project/Catch2/src/catch2/catch_timer.cpp""]",[],"[""cmake_object_order_depends_target_Catch2""]",[],/usr/bin/c++  -I/home/lyu/BuildAC/Ninja_optimized/project/Catch2/src/catch2/.. -I/home/lyu/BuildAC/Ninja_optimized/project/catch_build/generated-includes -ffile-prefix-map=/home/lyu/BuildAC/Ninja_optimized/project/Catch2/= -MD -MT src/CMakeFiles/Catch2.dir/catch2/catch_timer.cpp.o -MF src/CMakeFiles/Catch2.dir/catch2/catch_timer.cpp.o.d -o src/CMakeFiles/Catch2.dir/catch2/catch_timer.cpp.o -c /home/lyu/BuildAC/Ninja_optimized/project/Catch2/src/catch2/catch_timer.cpp,Building CXX object src/CMakeFiles/Catch2.dir/catch2/catch_timer.cpp.o,src/CMakeFiles/Catch2.dir/catch2/catch_timer.cpp.o.d,"{""file_size"": 1207, ""loc"": 37, ""non_empty_loc"": 29, ""function_count"": 5, ""avg_function_length"": 3.0, ""max_function_length"": 3, ""include_count"": 2, ""template_count"": 0, ""class_count"": 0, ""max_nesting_depth"": 3, ""branch_keyword_count"": 0, ""max_cyclomatic_proxy"": 1}","{""producer_dep_count"": 1, ""consumer_count"": 1, ""all_input_count"": 2, ""longest_remaining_hops"": 6}",,,/home/lyu/BuildAC/Ninja_optimized/project/catch_build/build.ninja,528
/home/lyu/BuildAC/Ninja_optimized/project/catch_build/build.ninja:537:60,src/CMakeFiles/Catch2.dir/catch2/catch_tostring.cpp.o,CXX_COMPILER__Catch2_unscanned_,compile,"[""src/CMakeFiles/Catch2.dir/catch2/catch_tostring.cpp.o""]","[""/home/lyu/BuildAC/Ninja_optimized/project/Catch2/src/catch2/catch_tostring.cpp""]",[],"[""cmake_object_order_depends_target_Catch2""]",[],/usr/bin/c++  -I/home/lyu/BuildAC/Ninja_optimized/project/Catch2/src/catch2/.. -I/home/lyu/BuildAC/Ninja_optimized/project/catch_build/generated-includes -ffile-prefix-map=/home/lyu/BuildAC/Ninja_optimized/project/Catch2/= -MD -MT src/CMakeFiles/Catch2.dir/catch2/catch_tostring.cpp.o -MF src/CMakeFiles/Catch2.dir/catch2/catch_tostring.cpp.o.d -o src/CMakeFiles/Catch2.dir/catch2/catch_tostring.cpp.o -c /home/lyu/BuildAC/Ninja_optimized/project/Catch2/src/catch2/catch_tostring.cpp,Building CXX object src/CMakeFiles/Catch2.dir/catch2/catch_tostring.cpp.o,src/CMakeFiles/Catch2.dir/catch2/catch_tostring.cpp.o.d,"{""file_size"": 9167, ""loc"": 294, ""non_empty_loc"": 250, ""function_count"": 52, ""avg_function_length"": 5.596, ""max_function_length"": 37, ""include_count"": 7, ""template_count"": 1, ""class_count"": 1, ""max_nesting_depth"": 6, ""branch_keyword_count"": 28, ""max_cyclomatic_proxy"": 29}","{""producer_dep_count"": 1, ""consumer_count"": 1, ""all_input_count"": 2, ""longest_remaining_hops"": 6}",,,/home/lyu/BuildAC/Ninja_optimized/project/catch_build/build.ninja,537
/home/lyu/BuildAC/Ninja_optimized/project/catch_build/build.ninja:546:61,src/CMakeFiles/Catch2.dir/catch2/catch_totals.cpp.o,CXX_COMPILER__Catch2_unscanned_,compile,"[""src/CMakeFiles/Catch2.dir/catch2/catch_totals.cpp.o""]","[""/home/lyu/BuildAC/Ninja_optimized/project/Catch2/src/catch2/catch_totals.cpp""]",[],"[""cmake_object_order_depends_target_Catch2""]",[],/usr/bin/c++  -I/home/lyu/BuildAC/Ninja_optimized/project/Catch2/src/catch2/.. -I/home/lyu/BuildAC/Ninja_optimized/project/catch_build/generated-includes -ffile-prefix-map=/home/lyu/BuildAC/Ninja_optimized/project/Catch2/= -MD -MT src/CMakeFiles/Catch2.dir/catch2/catch_totals.cpp.o -MF src/CMakeFiles/Catch2.dir/catch2/catch_totals.cpp.o.d -o src/CMakeFiles/Catch2.dir/catch2/catch_totals.cpp.o -c /home/lyu/BuildAC/Ninja_optimized/project/Catch2/src/catch2/catch_totals.cpp,Building CXX object src/CMakeFiles/Catch2.dir/catch2/catch_totals.cpp.o,src/CMakeFiles/Catch2.dir/catch2/catch_totals.cpp.o.d,"{""file_size"": 1939, ""loc"": 65, ""non_empty_loc"": 55, ""function_count"": 4, ""avg_function_length"": 5.25, ""max_function_length"": 12, ""include_count"": 1, ""template_count"": 0, ""class_count"": 0, ""max_nesting_depth"": 2, ""branch_keyword_count"": 3, ""max_cyclomatic_proxy"": 4}","{""producer_dep_count"": 1, ""consumer_count"": 1, ""all_input_count"": 2, ""longest_remaining_hops"": 6}",,,/home/lyu/BuildAC/Ninja_optimized/project/catch_build/build.ninja,546
/home/lyu/BuildAC/Ninja_optimized/project/catch_build/build.ninja:555:62,src/CMakeFiles/Catch2.dir/catch2/catch_translate_exception.cpp.o,CXX_COMPILER__Catch2_unscanned_,compile,"[""src/CMakeFiles/Catch2.dir/catch2/catch_translate_exception.cpp.o""]","[""/home/lyu/BuildAC/Ninja_optimized/project/Catch2/src/catch2/catch_translate_exception.cpp""]",[],"[""cmake_object_order_depends_target_Catch2""]",[],/usr/bin/c++  -I/home/lyu/BuildAC/Ninja_optimized/project/Catch2/src/catch2/.. -I/home/lyu/BuildAC/Ninja_optimized/project/catch_build/generated-includes -ffile-prefix-map=/home/lyu/BuildAC/Ninja_optimized/project/Catch2/= -MD -MT src/CMakeFiles/Catch2.dir/catch2/catch_translate_exception.cpp.o -MF src/CMakeFiles/Catch2.dir/catch2/catch_translate_exception.cpp.o.d -o src/CMakeFiles/Catch2.dir/catch2/catch_translate_exception.cpp.o -c /home/lyu/BuildAC/Ninja_optimized/project/Catch2/src/catch2/catch_translate_exception.cpp,Building CXX object src/CMakeFiles/Catch2.dir/catch2/catch_translate_exception.cpp.o,src/CMakeFiles/Catch2.dir/catch2/catch_translate_exception.cpp.o.d,"{""file_size"": 659, ""loc"": 20, ""non_empty_loc"": 16, ""function_count"": 1, ""avg_function_length"": 4.0, ""max_function_length"": 4, ""include_count"": 2, ""template_count"": 0, ""class_count"": 0, ""max_nesting_depth"": 3, ""branch_keyword_count"": 0, ""max_cyclomatic_proxy"": 1}","{""producer_dep_count"": 1, ""consumer_count"": 1, ""all_input_count"": 2, ""longest_remaining_hops"": 6}",,,/home/lyu/BuildAC/Ninja_optimized/project/catch_build/build.ninja,555
/home/lyu/BuildAC/Ninja_optimized/project/catch_build/build.ninja:564:63,src/CMakeFiles/Catch2.dir/catch2/catch_version.cpp.o,CXX_COMPILER__Catch2_unscanned_,compile,"[""src/CMakeFiles/Catch2.dir/catch2/catch_version.cpp.o""]","[""/home/lyu/BuildAC/Ninja_optimized/project/Catch2/src/catch2/catch_version.cpp""]",[],"[""cmake_object_order_depends_target_Catch2""]",[],/usr/bin/c++  -I/home/lyu/BuildAC/Ninja_optimized/project/Catch2/src/catch2/.. -I/home/lyu/BuildAC/Ninja_optimized/project/catch_build/generated-includes -ffile-prefix-map=/home/lyu/BuildAC/Ninja_optimized/project/Catch2/= -MD -MT src/CMakeFiles/Catch2.dir/catch2/catch_version.cpp.o -MF src/CMakeFiles/Catch2.dir/catch2/catch_version.cpp.o.d -o src/CMakeFiles/Catch2.dir/catch2/catch_version.cpp.o -c /home/lyu/BuildAC/Ninja_optimized/project/Catch2/src/catch2/catch_version.cpp,Building CXX object src/CMakeFiles/Catch2.dir/catch2/catch_version.cpp.o,src/CMakeFiles/Catch2.dir/catch2/catch_version.cpp.o.d,"{""file_size"": 1287, ""loc"": 43, ""non_empty_loc"": 36, ""function_count"": 3, ""avg_function_length"": 3.0, ""max_function_length"": 4, ""include_count"": 2, ""template_count"": 0, ""class_count"": 0, ""max_nesting_depth"": 3, ""branch_keyword_count"": 1, ""max_cyclomatic_proxy"": 2}","{""producer_dep_count"": 1, ""consumer_count"": 1, ""all_input_count"": 2, ""longest_remaining_hops"": 6}",,,/home/lyu/BuildAC/Ninja_optimized/project/catch_build/build.ninja,564
/home/lyu/BuildAC/Ninja_optimized/project/catch_build/build.ninja:573:64,src/CMakeFiles/Catch2.dir/catch2/internal/catch_assertion_handler.cpp.o,CXX_COMPILER__Catch2_unscanned_,compile,"[""src/CMakeFiles/Catch2.dir/catch2/internal/catch_assertion_handler.cpp.o""]","[""/home/lyu/BuildAC/Ninja_optimized/project/Catch2/src/catch2/internal/catch_assertion_handler.cpp""]",[],"[""cmake_object_order_depends_target_Catch2""]",[],/usr/bin/c++  -I/home/lyu/BuildAC/Ninja_optimized/project/Catch2/src/catch2/.. -I/home/lyu/BuildAC/Ninja_optimized/project/catch_build/generated-includes -ffile-prefix-map=/home/lyu/BuildAC/Ninja_optimized/project/Catch2/= -MD -MT src/CMakeFiles/Catch2.dir/catch2/internal/catch_assertion_handler.cpp.o -MF src/CMakeFiles/Catch2.dir/catch2/internal/catch_assertion_handler.cpp.o.d -o src/CMakeFiles/Catch2.dir/catch2/internal/catch_assertion_handler.cpp.o -c /home/lyu/BuildAC/Ninja_optimized/project/Catch2/src/catch2/internal/catch_assertion_handler.cpp,Building CXX object src/CMakeFiles/Catch2.dir/catch2/internal/catch_assertion_handler.cpp.o,src/CMakeFiles/Catch2.dir/catch2/internal/catch_assertion_handler.cpp.o.d,"{""file_size"": 3606, ""loc"": 89, ""non_empty_loc"": 73, ""function_count"": 15, ""avg_function_length"": 4.267, ""max_function_length"": 17, ""include_count"": 9, ""template_count"": 0, ""class_count"": 0, ""max_nesting_depth"": 3, ""branch_keyword_count"": 3, ""max_cyclomatic_proxy"": 4}","{""producer_dep_count"": 1, ""consumer_count"": 1, ""all_input_count"": 2, ""longest_remaining_hops"": 6}",,,/home/lyu/BuildAC/Ninja_optimized/project/catch_build/build.ninja,573
/home/lyu/BuildAC/Ninja_optimized/project/catch_build/build.ninja:582:65,src/CMakeFiles/Catch2.dir/catch2/internal/catch_case_insensitive_comparisons.cpp.o,CXX_COMPILER__Catch2_unscanned_,compile,"[""src/CMakeFiles/Catch2.dir/catch2/internal/catch_case_insensitive_comparisons.cpp.o""]","[""/home/lyu/BuildAC/Ninja_optimized/project/Catch2/src/catch2/internal/catch_case_insensitive_comparisons.cpp""]",[],"[""cmake_object_order_depends_target_Catch2""]",[],/usr/bin/c++  -I/home/lyu/BuildAC/Ninja_optimized/project/Catch2/src/catch2/.. -I/home/lyu/BuildAC/Ninja_optimized/project/catch_build/generated-includes -ffile-prefix-map=/home/lyu/BuildAC/Ninja_optimized/project/Catch2/= -MD -MT src/CMakeFiles/Catch2.dir/catch2/internal/catch_case_insensitive_comparisons.cpp.o -MF src/CMakeFiles/Catch2.dir/catch2/internal/catch_case_insensitive_comparisons.cpp.o.d -o src/CMakeFiles/Catch2.dir/catch2/internal/catch_case_insensitive_comparisons.cpp.o -c /home/lyu/BuildAC/Ninja_optimized/project/Catch2/src/catch2/internal/catch_case_insensitive_comparisons.cpp,Building CXX object src/CMakeFiles/Catch2.dir/catch2/internal/catch_case_insensitive_comparisons.cpp.o,src/CMakeFiles/Catch2.dir/catch2/internal/catch_case_insensitive_comparisons.cpp.o.d,"{""file_size"": 1164, ""loc"": 35, ""non_empty_loc"": 27, ""function_count"": 4, ""avg_function_length"": 3.5, ""max_function_length"": 6, ""include_count"": 3, ""template_count"": 0, ""class_count"": 0, ""max_nesting_depth"": 4, ""branch_keyword_count"": 0, ""max_cyclomatic_proxy"": 1}","{""producer_dep_count"": 1, ""consumer_count"": 1, ""all_input_count"": 2, ""longest_remaining_hops"": 6}",,,/home/lyu/BuildAC/Ninja_optimized/project/catch_build/build.ninja,582
/home/lyu/BuildAC/Ninja_optimized/project/catch_build/build.ninja:591:66,src/CMakeFiles/Catch2.dir/catch2/internal/catch_clara.cpp.o,CXX_COMPILER__Catch2_unscanned_,compile,"[""src/CMakeFiles/Catch2.dir/catch2/internal/catch_clara.cpp.o""]","[""/home/lyu/BuildAC/Ninja_optimized/project/Catch2/src/catch2/internal/catch_clara.cpp""]",[],"[""cmake_object_order_depends_target_Catch2""]",[],/usr/bin/c++  -I/home/lyu/BuildAC/Ninja_optimized/project/Catch2/src/catch2/.. -I/home/lyu/BuildAC/Ninja_optimized/project/catch_build/generated-includes -ffile-prefix-map=/home/lyu/BuildAC/Ninja_optimized/project/Catch2/= -MD -MT src/CMakeFiles/Catch2.dir/catch2/internal/catch_clara.cpp.o -MF src/CMakeFiles/Catch2.dir/catch2/internal/catch_clara.cpp.o.d -o src/CMakeFiles/Catch2.dir/catch2/internal/catch_clara.cpp.o -c /home/lyu/BuildAC/Ninja_optimized/project/Catch2/src/catch2/internal/catch_clara.cpp,Building CXX object src/CMakeFiles/Catch2.dir/catch2/internal/catch_clara.cpp.o,src/CMakeFiles/Catch2.dir/catch2/internal/catch_clara.cpp.o.d,"{""file_size"": 17968, ""loc"": 464, ""non_empty_loc"": 399, ""function_count"": 62, ""avg_function_length"": 11.016, ""max_function_length"": 49, ""include_count"": 8, ""template_count"": 0, ""class_count"": 1, ""max_nesting_depth"": 10, ""branch_keyword_count"": 61, ""max_cyclomatic_proxy"": 62}","{""producer_dep_count"": 1, ""consumer_count"": 1, ""all_input_count"": 2, ""longest_remaining_hops"": 6}",,,/home/lyu/BuildAC/Ninja_optimized/project/catch_build/build.ninja,591
/home/lyu/BuildAC/Ninja_optimized/project/catch_build/build.ninja:600:67,src/CMakeFiles/Catch2.dir/catch2/internal/catch_commandline.cpp.o,CXX_COMPILER__Catch2_unscanned_,compile,"[""src/CMakeFiles/Catch2.dir/catch2/internal/catch_commandline.cpp.o""]","[""/home/lyu/BuildAC/Ninja_optimized/project/Catch2/src/catch2/internal/catch_commandline.cpp""]",[],"[""cmake_object_order_depends_target_Catch2""]",[],/usr/bin/c++  -I/home/lyu/BuildAC/Ninja_optimized/project/Catch2/src/catch2/.. -I/home/lyu/BuildAC/Ninja_optimized/project/catch_build/generated-includes -ffile-prefix-map=/home/lyu/BuildAC/Ninja_optimized/project/Catch2/= -MD -MT src/CMakeFiles/Catch2.dir/catch2/internal/catch_commandline.cpp.o -MF src/CMakeFiles/Catch2.dir/catch2/internal/catch_commandline.cpp.o.d -o src/CMakeFiles/Catch2.dir/catch2/internal/catch_commandline.cpp.o -c /home/lyu/BuildAC/Ninja_optimized/project/Catch2/src/catch2/internal/catch_commandline.cpp,Building CXX object src/CMakeFiles/Catch2.dir/catch2/internal/catch_commandline.cpp.o,src/CMakeFiles/Catch2.dir/catch2/internal/catch_commandline.cpp.o.d,"{""file_size"": 18188, ""loc"": 376, ""non_empty_loc"": 351, ""function_count"": 31, ""avg_function_length"": 15.548, ""max_function_length"": 351, ""include_count"": 11, ""template_count"": 0, ""class_count"": 0, ""max_nesting_depth"": 6, ""branch_keyword_count"": 48, ""max_cyclomatic_proxy"": 49}","{""producer_dep_count"": 1, ""consumer_count"": 1, ""all_input_count"": 2, ""longest_remaining_hops"": 6}",,,/home/lyu/BuildAC/Ninja_optimized/project/catch_build/build.ninja,600
/home/lyu/BuildAC/Ninja_optimized/project/catch_build/build.ninja:609:68,src/CMakeFiles/Catch2.dir/catch2/internal/catch_console_colour.cpp.o,CXX_COMPILER__Catch2_unscanned_,compile,"[""src/CMakeFiles/Catch2.dir/catch2/internal/catch_console_colour.cpp.o""]","[""/home/lyu/BuildAC/Ninja_optimized/project/Catch2/src/catch2/internal/catch_console_colour.cpp""]",[],"[""cmake_object_order_depends_target_Catch2""]",[],/usr/bin/c++  -I/home/lyu/BuildAC/Ninja_optimized/project/Catch2/src/catch2/.. -I/home/lyu/BuildAC/Ninja_optimized/project/catch_build/generated-includes -ffile-prefix-map=/home/lyu/BuildAC/Ninja_optimized/project/Catch2/= -MD -MT src/CMakeFiles/Catch2.dir/catch2/internal/catch_console_colour.cpp.o -MF src/CMakeFiles/Catch2.dir/catch2/internal/catch_console_colour.cpp.o.d -o src/CMakeFiles/Catch2.dir/catch2/internal/catch_console_colour.cpp.o -c /home/lyu/BuildAC/Ninja_optimized/project/Catch2/src/catch2/internal/catch_console_colour.cpp,Building CXX object src/CMakeFiles/Catch2.dir/catch2/internal/catch_console_colour.cpp.o,src/CMakeFiles/Catch2.dir/catch2/internal/catch_console_colour.cpp.o.d,"{""file_size"": 11130, ""loc"": 288, ""non_empty_loc"": 239, ""function_count"": 24, ""avg_function_length"": 7.833, ""max_function_length"": 27, ""include_count"": 15, ""template_count"": 0, ""class_count"": 3, ""max_nesting_depth"": 5, ""branch_keyword_count"": 50, ""max_cyclomatic_proxy"": 51}","{""producer_dep_count"": 1, ""consumer_count"": 1, ""all_input_count"": 2, ""longest_remaining_hops"": 6}",,,/home/lyu/BuildAC/Ninja_optimized/project/catch_build/build.ninja,609
/home/lyu/BuildAC/Ninja_optimized/project/catch_build/build.ninja:618:69,src/CMakeFiles/Catch2.dir/catch2/internal/catch_context.cpp.o,CXX_COMPILER__Catch2_unscanned_,compile,"[""src/CMakeFiles/Catch2.dir/catch2/internal/catch_context.cpp.o""]","[""/home/lyu/BuildAC/Ninja_optimized/project/Catch2/src/catch2/internal/catch_context.cpp""]",[],"[""cmake_object_order_depends_target_Catch2""]",[],/usr/bin/c++  -I/home/lyu/BuildAC/Ninja_optimized/project/Catch2/src/catch2/.. -I/home/lyu/BuildAC/Ninja_optimized/project/catch_build/generated-includes -ffile-prefix-map=/home/lyu/BuildAC/Ninja_optimized/project/Catch2/= -MD -MT src/CMakeFiles/Catch2.dir/catch2/internal/catch_context.cpp.o -MF src/CMakeFiles/Catch2.dir/catch2/internal/catch_context.cpp.o.d -o src/CMakeFiles/Catch2.dir/catch2/internal/catch_context.cpp.o -c /home/lyu/BuildAC/Ninja_optimized/project/Catch2/src/catch2/internal/catch_context.cpp,Building CXX object src/CMakeFiles/Catch2.dir/catch2/internal/catch_context.cpp.o,src/CMakeFiles/Catch2.dir/catch2/internal/catch_context.cpp.o.d,"{""file_size"": 590, ""loc"": 24, ""non_empty_loc"": 17, ""function_count"": 2, ""avg_function_length"": 3.5, ""max_function_length"": 4, ""include_count"": 2, ""template_count"": 0, ""class_count"": 0, ""max_nesting_depth"": 2, ""branch_keyword_count"": 0, ""max_cyclomatic_proxy"": 1}","{""producer_dep_count"": 1, ""consumer_count"": 1, ""all_input_count"": 2, ""longest_remaining_hops"": 6}",,,/home/lyu/BuildAC/Ninja_optimized/project/catch_build/build.ninja,618
/home/lyu/BuildAC/Ninja_optimized/project/catch_build/build.ninja:627:70,src/CMakeFiles/Catch2.dir/catch2/internal/catch_debug_console.cpp.o,CXX_COMPILER__Catch2_unscanned_,compile,"[""src/CMakeFiles/Catch2.dir/catch2/internal/catch_debug_console.cpp.o""]","[""/home/lyu/BuildAC/Ninja_optimized/project/Catch2/src/catch2/internal/catch_debug_console.cpp""]",[],"[""cmake_object_order_depends_target_Catch2""]",[],/usr/bin/c++  -I/home/lyu/BuildAC/Ninja_optimized/project/Catch2/src/catch2/.. -I/home/lyu/BuildAC/Ninja_optimized/project/catch_build/generated-includes -ffile-prefix-map=/home/lyu/BuildAC/Ninja_optimized/project/Catch2/= -MD -MT src/CMakeFiles/Catch2.dir/catch2/internal/catch_debug_console.cpp.o -MF src/CMakeFiles/Catch2.dir/catch2/internal/catch_debug_console.cpp.o.d -o src/CMakeFiles/Catch2.dir/catch2/internal/catch_debug_console.cpp.o -c /home/lyu/BuildAC/Ninja_optimized/project/Catch2/src/catch2/internal/catch_debug_console.cpp,Building CXX object src/CMakeFiles/Catch2.dir/catch2/internal/catch_debug_console.cpp.o,src/CMakeFiles/Catch2.dir/catch2/internal/catch_debug_console.cpp.o.d,"{""file_size"": 1228, ""loc"": 45, ""non_empty_loc"": 33, ""function_count"": 3, ""avg_function_length"": 3.333, ""max_function_length"": 4, ""include_count"": 8, ""template_count"": 0, ""class_count"": 0, ""max_nesting_depth"": 2, ""branch_keyword_count"": 1, ""max_cyclomatic_proxy"": 2}","{""producer_dep_count"": 1, ""consumer_count"": 1, ""all_input_count"": 2, ""longest_remaining_hops"": 6}",,,/home/lyu/BuildAC/Ninja_optimized/project/catch_build/build.ninja,627
/home/lyu/BuildAC/Ninja_optimized/project/catch_build/build.ninja:636:71,src/CMakeFiles/Catch2.dir/catch2/internal/catch_debugger.cpp.o,CXX_COMPILER__Catch2_unscanned_,compile,"[""src/CMakeFiles/Catch2.dir/catch2/internal/catch_debugger.cpp.o""]","[""/home/lyu/BuildAC/Ninja_optimized/project/Catch2/src/catch2/internal/catch_debugger.cpp""]",[],"[""cmake_object_order_depends_target_Catch2""]",[],/usr/bin/c++  -I/home/lyu/BuildAC/Ninja_optimized/project/Catch2/src/catch2/.. -I/home/lyu/BuildAC/Ninja_optimized/project/catch_build/generated-includes -ffile-prefix-map=/home/lyu/BuildAC/Ninja_optimized/project/Catch2/= -MD -MT src/CMakeFiles/Catch2.dir/catch2/internal/catch_debugger.cpp.o -MF src/CMakeFiles/Catch2.dir/catch2/internal/catch_debugger.cpp.o.d -o src/CMakeFiles/Catch2.dir/catch2/internal/catch_debugger.cpp.o -c /home/lyu/BuildAC/Ninja_optimized/project/Catch2/src/catch2/internal/catch_debugger.cpp,Building CXX object src/CMakeFiles/Catch2.dir/catch2/internal/catch_debugger.cpp.o,src/CMakeFiles/Catch2.dir/catch2/internal/catch_debugger.cpp.o.d,"{""file_size"": 4447, ""loc"": 120, ""non_empty_loc"": 102, ""function_count"": 8, ""avg_function_length"": 8.5, ""max_function_length"": 30, ""include_count"": 12, ""template_count"": 0, ""class_count"": 1, ""max_nesting_depth"": 4, ""branch_keyword_count"": 5, ""max_cyclomatic_proxy"": 6}","{""producer_dep_count"": 1, ""consumer_count"": 1, ""all_input_count"": 2, ""longest_remaining_hops"": 6}",,,/home/lyu/BuildAC/Ninja_optimized/project/catch_build/build.ninja,636
/home/lyu/BuildAC/Ninja_optimized/project/catch_build/build.ninja:645:72,src/CMakeFiles/Catch2.dir/catch2/internal/catch_decomposer.cpp.o,CXX_COMPILER__Catch2_unscanned_,compile,"[""src/CMakeFiles/Catch2.dir/catch2/internal/catch_decomposer.cpp.o""]","[""/home/lyu/BuildAC/Ninja_optimized/project/Catch2/src/catch2/internal/catch_decomposer.cpp""]",[],"[""cmake_object_order_depends_target_Catch2""]",[],/usr/bin/c++  -I/home/lyu/BuildAC/Ninja_optimized/project/Catch2/src/catch2/.. -I/home/lyu/BuildAC/Ninja_optimized/project/catch_build/generated-includes -ffile-prefix-map=/home/lyu/BuildAC/Ninja_optimized/project/Catch2/= -MD -MT src/CMakeFiles/Catch2.dir/catch2/internal/catch_decomposer.cpp.o -MF src/CMakeFiles/Catch2.dir/catch2/internal/catch_decomposer.cpp.o.d -o src/CMakeFiles/Catch2.dir/catch2/internal/catch_decomposer.cpp.o -c /home/lyu/BuildAC/Ninja_optimized/project/Catch2/src/catch2/internal/catch_decomposer.cpp,Building CXX object src/CMakeFiles/Catch2.dir/catch2/internal/catch_decomposer.cpp.o,src/CMakeFiles/Catch2.dir/catch2/internal/catch_decomposer.cpp.o.d,"{""file_size"": 1061, ""loc"": 28, ""non_empty_loc"": 22, ""function_count"": 2, ""avg_function_length"": 6.5, ""max_function_length"": 8, ""include_count"": 1, ""template_count"": 0, ""class_count"": 1, ""max_nesting_depth"": 2, ""branch_keyword_count"": 1, ""max_cyclomatic_proxy"": 2}","{""producer_dep_count"": 1, ""consumer_count"": 1, ""all_input_count"": 2, ""longest_remaining_hops"": 6}",,,/home/lyu/BuildAC/Ninja_optimized/project/catch_build/build.ninja,645
/home/lyu/BuildAC/Ninja_optimized/project/catch_build/build.ninja:654:73,src/CMakeFiles/Catch2.dir/catch2/internal/catch_enforce.cpp.o,CXX_COMPILER__Catch2_unscanned_,compile,"[""src/CMakeFiles/Catch2.dir/catch2/internal/catch_enforce.cpp.o""]","[""/home/lyu/BuildAC/Ninja_optimized/project/Catch2/src/catch2/internal/catch_enforce.cpp""]",[],"[""cmake_object_order_depends_target_Catch2""]",[],/usr/bin/c++  -I/home/lyu/BuildAC/Ninja_optimized/project/Catch2/src/catch2/.. -I/home/lyu/BuildAC/Ninja_optimized/project/catch_build/generated-includes -ffile-prefix-map=/home/lyu/BuildAC/Ninja_optimized/project/Catch2/= -MD -MT src/CMakeFiles/Catch2.dir/catch2/internal/catch_enforce.cpp.o -MF src/CMakeFiles/Catch2.dir/catch2/internal/catch_enforce.cpp.o.d -o src/CMakeFiles/Catch2.dir/catch2/internal/catch_enforce.cpp.o -c /home/lyu/BuildAC/Ninja_optimized/project/Catch2/src/catch2/internal/catch_enforce.cpp,Building CXX object src/CMakeFiles/Catch2.dir/catch2/internal/catch_enforce.cpp.o,src/CMakeFiles/Catch2.dir/catch2/internal/catch_enforce.cpp.o.d,"{""file_size"": 1152, ""loc"": 41, ""non_empty_loc"": 30, ""function_count"": 4, ""avg_function_length"": 3.5, ""max_function_length"": 5, ""include_count"": 3, ""template_count"": 0, ""class_count"": 0, ""max_nesting_depth"": 2, ""branch_keyword_count"": 1, ""max_cyclomatic_proxy"": 2}","{""producer_dep_count"": 1, ""consumer_count"": 1, ""all_input_count"": 2, ""longest_remaining_hops"": 6}",,,/home/lyu/BuildAC/Ninja_optimized/project/catch_build/build.ninja,654
/home/lyu/BuildAC/Ninja_optimized/project/catch_build/build.ninja:663:74,src/CMakeFiles/Catch2.dir/catch2/internal/catch_enum_info.cpp.o,CXX_COMPILER__Catch2_unscanned_,compile,"[""src/CMakeFiles/Catch2.dir/catch2/internal/catch_enum_info.cpp.o""]","[""/home/lyu/BuildAC/Ninja_optimized/project/Catch2/src/catch2/internal/catch_enum_info.cpp""]",[],"[""cmake_object_order_depends_target_Catch2""]",[],/usr/bin/c++  -I/home/lyu/BuildAC/Ninja_optimized/project/Catch2/src/catch2/.. -I/home/lyu/BuildAC/Ninja_optimized/project/catch_build/generated-includes -ffile-prefix-map=/home/lyu/BuildAC/Ninja_optimized/project/Catch2/= -MD -MT src/CMakeFiles/Catch2.dir/catch2/internal/catch_enum_info.cpp.o -MF src/CMakeFiles/Catch2.dir/catch2/internal/catch_enum_info.cpp.o.d -o src/CMakeFiles/Catch2.dir/catch2/internal/catch_enum_info.cpp.o -c /home/lyu/BuildAC/Ninja_optimized/project/Catch2/src/catch2/internal/catch_enum_info.cpp,Building CXX object src/CMakeFiles/Catch2.dir/catch2/internal/catch_enum_info.cpp.o,src/CMakeFiles/Catch2.dir/catch2/internal/catch_enum_info.cpp.o.d,"{""file_size"": 2273, ""loc"": 65, ""non_empty_loc"": 51, ""function_count"": 7, ""avg_function_length"": 6.714, ""max_function_length"": 13, ""include_count"": 3, ""template_count"": 0, ""class_count"": 0, ""max_nesting_depth"": 5, ""branch_keyword_count"": 5, ""max_cyclomatic_proxy"": 6}","{""producer_dep_count"": 1, ""consumer_count"": 1, ""all_input_count"": 2, ""longest_remaining_hops"": 6}",,,/home/lyu/BuildAC/Ninja_optimized/project/catch_build/build.ninja,663
/home/lyu/BuildAC/Ninja_optimized/project/catch_build/build.ninja:672:75,src/CMakeFiles/Catch2.dir/catch2/internal/catch_errno_guard.cpp.o,CXX_COMPILER__Catch2_unscanned_,compile,"[""src/CMakeFiles/Catch2.dir/catch2/internal/catch_errno_guard.cpp.o""]","[""/home/lyu/BuildAC/Ninja_optimized/project/Catch2/src/catch2/internal/catch_errno_guard.cpp""]",[],"[""cmake_object_order_depends_target_Catch2""]",[],/usr/bin/c++  -I/home/lyu/BuildAC/Ninja_optimized/project/Catch2/src/catch2/.. -I/home/lyu/BuildAC/Ninja_optimized/project/catch_build/generated-includes -ffile-prefix-map=/home/lyu/BuildAC/Ninja_optimized/project/Catch2/= -MD -MT src/CMakeFiles/Catch2.dir/catch2/internal/catch_errno_guard.cpp.o -MF src/CMakeFiles/Catch2.dir/catch2/internal/catch_errno_guard.cpp.o.d -o src/CMakeFiles/Catch2.dir/catch2/internal/catch_errno_guard.cpp.o -c /home/lyu/BuildAC/Ninja_optimized/project/Catch2/src/catch2/internal/catch_errno_guard.cpp,Building CXX object src/CMakeFiles/Catch2.dir/catch2/internal/catch_errno_guard.cpp.o,src/CMakeFiles/Catch2.dir/catch2/internal/catch_errno_guard.cpp.o.d,"{""file_size"": 442, ""loc"": 16, ""non_empty_loc"": 11, ""function_count"": 2, ""avg_function_length"": 1.0, ""max_function_length"": 1, ""include_count"": 2, ""template_count"": 0, ""class_count"": 0, ""max_nesting_depth"": 2, ""branch_keyword_count"": 0, ""max_cyclomatic_proxy"": 1}","{""producer_dep_count"": 1, ""consumer_count"": 1, ""all_input_count"": 2, ""longest_remaining_hops"": 6}",,,/home/lyu/BuildAC/Ninja_optimized/project/catch_build/build.ninja,672
/home/lyu/BuildAC/Ninja_optimized/project/catch_build/build.ninja:681:76,src/CMakeFiles/Catch2.dir/catch2/internal/catch_exception_translator_registry.cpp.o,CXX_COMPILER__Catch2_unscanned_,compile,"[""src/CMakeFiles/Catch2.dir/catch2/internal/catch_exception_translator_registry.cpp.o""]","[""/home/lyu/BuildAC/Ninja_optimized/project/Catch2/src/catch2/internal/catch_exception_translator_registry.cpp""]",[],"[""cmake_object_order_depends_target_Catch2""]",[],/usr/bin/c++  -I/home/lyu/BuildAC/Ninja_optimized/project/Catch2/src/catch2/.. -I/home/lyu/BuildAC/Ninja_optimized/project/catch_build/generated-includes -ffile-prefix-map=/home/lyu/BuildAC/Ninja_optimized/project/Catch2/= -MD -MT src/CMakeFiles/Catch2.dir/catch2/internal/catch_exception_translator_registry.cpp.o -MF src/CMakeFiles/Catch2.dir/catch2/internal/catch_exception_translator_registry.cpp.o.d -o src/CMakeFiles/Catch2.dir/catch2/internal/catch_exception_translator_registry.cpp.o -c /home/lyu/BuildAC/Ninja_optimized/project/Catch2/src/catch2/internal/catch_exception_translator_registry.cpp,Building CXX object src/CMakeFiles/Catch2.dir/catch2/internal/catch_exception_translator_registry.cpp.o,src/CMakeFiles/Catch2.dir/catch2/internal/catch_exception_translator_registry.cpp.o.d,"{""file_size"": 3271, ""loc"": 87, ""non_empty_loc"": 75, ""function_count"": 12, ""avg_function_length"": 6.417, ""max_function_length"": 39, ""include_count"": 6, ""template_count"": 0, ""class_count"": 0, ""max_nesting_depth"": 4, ""branch_keyword_count"": 10, ""max_cyclomatic_proxy"": 11}","{""producer_dep_count"": 1, ""consumer_count"": 1, ""all_input_count"": 2, ""longest_remaining_hops"": 6}",,,/home/lyu/BuildAC/Ninja_optimized/project/catch_build/build.ninja,681
/home/lyu/BuildAC/Ninja_optimized/project/catch_build/build.ninja:690:77,src/CMakeFiles/Catch2.dir/catch2/internal/catch_fatal_condition_handler.cpp.o,CXX_COMPILER__Catch2_unscanned_,compile,"[""src/CMakeFiles/Catch2.dir/catch2/internal/catch_fatal_condition_handler.cpp.o""]","[""/home/lyu/BuildAC/Ninja_optimized/project/Catch2/src/catch2/internal/catch_fatal_condition_handler.cpp""]",[],"[""cmake_object_order_depends_target_Catch2""]",[],/usr/bin/c++  -I/home/lyu/BuildAC/Ninja_optimized/project/Catch2/src/catch2/.. -I/home/lyu/BuildAC/Ninja_optimized/project/catch_build/generated-includes -ffile-prefix-map=/home/lyu/BuildAC/Ninja_optimized/project/Catch2/= -MD -MT src/CMakeFiles/Catch2.dir/catch2/internal/catch_fatal_condition_handler.cpp.o -MF src/CMakeFiles/Catch2.dir/catch2/internal/catch_fatal_condition_handler.cpp.o.d -o src/CMakeFiles/Catch2.dir/catch2/internal/catch_fatal_condition_handler.cpp.o -c /home/lyu/BuildAC/Ninja_optimized/project/Catch2/src/catch2/internal/catch_fatal_condition_handler.cpp,Building CXX object src/CMakeFiles/Catch2.dir/catch2/internal/catch_fatal_condition_handler.cpp.o,src/CMakeFiles/Catch2.dir/catch2/internal/catch_fatal_condition_handler.cpp.o.d,"{""file_size"": 9314, ""loc"": 248, ""non_empty_loc"": 200, ""function_count"": 21, ""avg_function_length"": 6.333, ""max_function_length"": 15, ""include_count"": 9, ""template_count"": 0, ""class_count"": 4, ""max_nesting_depth"": 4, ""branch_keyword_count"": 17, ""max_cyclomatic_proxy"": 18}","{""producer_dep_count"": 1, ""consumer_count"": 1, ""all_input_count"": 2, ""longest_remaining_hops"": 6}",,,/home/lyu/BuildAC/Ninja_optimized/project/catch_build/build.ninja,690
/home/lyu/BuildAC/Ninja_optimized/project/catch_build/build.ninja:699:78,src/CMakeFiles/Catch2.dir/catch2/internal/catch_floating_point_helpers.cpp.o,CXX_COMPILER__Catch2_unscanned_,compile,"[""src/CMakeFiles/Catch2.dir/catch2/internal/catch_floating_point_helpers.cpp.o""]","[""/home/lyu/BuildAC/Ninja_optimized/project/Catch2/src/catch2/internal/catch_floating_point_helpers.cpp""]",[],"[""cmake_object_order_depends_target_Catch2""]",[],/usr/bin/c++  -I/home/lyu/BuildAC/Ninja_optimized/project/Catch2/src/catch2/.. -I/home/lyu/BuildAC/Ninja_optimized/project/catch_build/generated-includes -ffile-prefix-map=/home/lyu/BuildAC/Ninja_optimized/project/Catch2/= -MD -MT src/CMakeFiles/Catch2.dir/catch2/internal/catch_floating_point_helpers.cpp.o -MF src/CMakeFiles/Catch2.dir/catch2/internal/catch_floating_point_helpers.cpp.o.d -o src/CMakeFiles/Catch2.dir/catch2/internal/catch_floating_point_helpers.cpp.o -c /home/lyu/BuildAC/Ninja_optimized/project/Catch2/src/catch2/internal/catch_floating_point_helpers.cpp,Building CXX object src/CMakeFiles/Catch2.dir/catch2/internal/catch_floating_point_helpers.cpp.o,src/CMakeFiles/Catch2.dir/catch2/internal/catch_floating_point_helpers.cpp.o.d,"{""file_size"": 1299, ""loc"": 43, ""non_empty_loc"": 32, ""function_count"": 4, ""avg_function_length"": 3.5, ""max_function_length"": 6, ""include_count"": 2, ""template_count"": 0, ""class_count"": 0, ""max_nesting_depth"": 3, ""branch_keyword_count"": 2, ""max_cyclomatic_proxy"": 3}","{""producer_dep_count"": 1, ""consumer_count"": 1, ""all_input_count"": 2, ""longest_remaining_hops"": 6}",,,/home/lyu/BuildAC/Ninja_optimized/project/catch_build/build.ninja,699
/home/lyu/BuildAC/Ninja_optimized/project/catch_build/build.ninja:708:79,src/CMakeFiles/Catch2.dir/catch2/internal/catch_getenv.cpp.o,CXX_COMPILER__Catch2_unscanned_,compile,"[""src/CMakeFiles/Catch2.dir/catch2/internal/catch_getenv.cpp.o""]","[""/home/lyu/BuildAC/Ninja_optimized/project/Catch2/src/catch2/internal/catch_getenv.cpp""]",[],"[""cmake_object_order_depends_target_Catch2""]",[],/usr/bin/c++  -I/home/lyu/BuildAC/Ninja_optimized/project/Catch2/src/catch2/.. -I/home/lyu/BuildAC/Ninja_optimized/project/catch_build/generated-includes -ffile-prefix-map=/home/lyu/BuildAC/Ninja_optimized/project/Catch2/= -MD -MT src/CMakeFiles/Catch2.dir/catch2/internal/catch_getenv.cpp.o -MF src/CMakeFiles/Catch2.dir/catch2/internal/catch_getenv.cpp.o.d -o src/CMakeFiles/Catch2.dir/catch2/internal/catch_getenv.cpp.o -c /home/lyu/BuildAC/Ninja_optimized/project/Catch2/src/catch2/internal/catch_getenv.cpp,Building CXX object src/CMakeFiles/Catch2.dir/catch2/internal/catch_getenv.cpp.o,src/CMakeFiles/Catch2.dir/catch2/internal/catch_getenv.cpp.o.d,"{""file_size"": 933, ""loc"": 37, ""non_empty_loc"": 27, ""function_count"": 2, ""avg_function_length"": 6.5, ""max_function_length"": 12, ""include_count"": 4, ""template_count"": 0, ""class_count"": 0, ""max_nesting_depth"": 3, ""branch_keyword_count"": 3, ""max_cyclomatic_proxy"": 4}","{""producer_dep_count"": 1, ""consumer_count"": 1, ""all_input_count"": 2, ""longest_remaining_hops"": 6}",,,/home/lyu/BuildAC/Ninja_optimized/project/catch_build/build.ninja,708
/home/lyu/BuildAC/Ninja_optimized/project/catch_build/build.ninja:717:80,src/CMakeFiles/Catch2.dir/catch2/internal/catch_istream.cpp.o,CXX_COMPILER__Catch2_unscanned_,compile,"[""src/CMakeFiles/Catch2.dir/catch2/internal/catch_istream.cpp.o""]","[""/home/lyu/BuildAC/Ninja_optimized/project/Catch2/src/catch2/internal/catch_istream.cpp""]",[],"[""cmake_object_order_depends_target_Catch2""]",[],/usr/bin/c++  -I/home/lyu/BuildAC/Ninja_optimized/project/Catch2/src/catch2/.. -I/home/lyu/BuildAC/Ninja_optimized/project/catch_build/generated-includes -ffile-prefix-map=/home/lyu/BuildAC/Ninja_optimized/project/Catch2/= -MD -MT src/CMakeFiles/Catch2.dir/catch2/internal/catch_istream.cpp.o -MF src/CMakeFiles/Catch2.dir/catch2/internal/catch_istream.cpp.o.d -o src/CMakeFiles/Catch2.dir/catch2/internal/catch_istream.cpp.o -c /home/lyu/BuildAC/Ninja_optimized/project/Catch2/src/catch2/internal/catch_istream.cpp,Building CXX object src/CMakeFiles/Catch2.dir/catch2/internal/catch_istream.cpp.o,src/CMakeFiles/Catch2.dir/catch2/internal/catch_istream.cpp.o.d,"{""file_size"": 4993, ""loc"": 152, ""non_empty_loc"": 122, ""function_count"": 15, ""avg_function_length"": 4.6, ""max_function_length"": 17, ""include_count"": 7, ""template_count"": 1, ""class_count"": 6, ""max_nesting_depth"": 6, ""branch_keyword_count"": 9, ""max_cyclomatic_proxy"": 10}","{""producer_dep_count"": 1, ""consumer_count"": 1, ""all_input_count"": 2, ""longest_remaining_hops"": 6}",,,/home/lyu/BuildAC/Ninja_optimized/project/catch_build/build.ninja,717
/home/lyu/BuildAC/Ninja_optimized/project/catch_build/build.ninja:726:81,src/CMakeFiles/Catch2.dir/catch2/internal/catch_jsonwriter.cpp.o,CXX_COMPILER__Catch2_unscanned_,compile,"[""src/CMakeFiles/Catch2.dir/catch2/internal/catch_jsonwriter.cpp.o""]","[""/home/lyu/BuildAC/Ninja_optimized/project/Catch2/src/catch2/internal/catch_jsonwriter.cpp""]",[],"[""cmake_object_order_depends_target_Catch2""]",[],/usr/bin/c++  -I/home/lyu/BuildAC/Ninja_optimized/project/Catch2/src/catch2/.. -I/home/lyu/BuildAC/Ninja_optimized/project/catch_build/generated-includes -ffile-prefix-map=/home/lyu/BuildAC/Ninja_optimized/project/Catch2/= -MD -MT src/CMakeFiles/Catch2.dir/catch2/internal/catch_jsonwriter.cpp.o -MF src/CMakeFiles/Catch2.dir/catch2/internal/catch_jsonwriter.cpp.o.d -o src/CMakeFiles/Catch2.dir/catch2/internal/catch_jsonwriter.cpp.o -c /home/lyu/BuildAC/Ninja_optimized/project/Catch2/src/catch2/internal/catch_jsonwriter.cpp,Building CXX object src/CMakeFiles/Catch2.dir/catch2/internal/catch_jsonwriter.cpp.o,src/CMakeFiles/Catch2.dir/catch2/internal/catch_jsonwriter.cpp.o.d,"{""file_size"": 5486, ""loc"": 165, ""non_empty_loc"": 140, ""function_count"": 26, ""avg_function_length"": 4.692, ""max_function_length"": 18, ""include_count"": 3, ""template_count"": 0, ""class_count"": 0, ""max_nesting_depth"": 5, ""branch_keyword_count"": 17, ""max_cyclomatic_proxy"": 18}","{""producer_dep_count"": 1, ""consumer_count"": 1, ""all_input_count"": 2, ""longest_remaining_hops"": 6}",,,/home/lyu/BuildAC/Ninja_optimized/project/catch_build/build.ninja,726
/home/lyu/BuildAC/Ninja_optimized/project/catch_build/build.ninja:735:82,src/CMakeFiles/Catch2.dir/catch2/internal/catch_lazy_expr.cpp.o,CXX_COMPILER__Catch2_unscanned_,compile,"[""src/CMakeFiles/Catch2.dir/catch2/internal/catch_lazy_expr.cpp.o""]","[""/home/lyu/BuildAC/Ninja_optimized/project/Catch2/src/catch2/internal/catch_lazy_expr.cpp""]",[],"[""cmake_object_order_depends_target_Catch2""]",[],/usr/bin/c++  -I/home/lyu/BuildAC/Ninja_optimized/project/Catch2/src/catch2/.. -I/home/lyu/BuildAC/Ninja_optimized/project/catch_build/generated-includes -ffile-prefix-map=/home/lyu/BuildAC/Ninja_optimized/project/Catch2/= -MD -MT src/CMakeFiles/Catch2.dir/catch2/internal/catch_lazy_expr.cpp.o -MF src/CMakeFiles/Catch2.dir/catch2/internal/catch_lazy_expr.cpp.o.d -o src/CMakeFiles/Catch2.dir/catch2/internal/catch_lazy_expr.cpp.o -c /home/lyu/BuildAC/Ninja_optimized/project/Catch2/src/catch2/internal/catch_lazy_expr.cpp,Building CXX object src/CMakeFiles/Catch2.dir/catch2/internal/catch_lazy_expr.cpp.o,src/CMakeFiles/Catch2.dir/catch2/internal/catch_lazy_expr.cpp.o.d,"{""file_size"": 913, ""loc"": 29, ""non_empty_loc"": 22, ""function_count"": 1, ""avg_function_length"": 6.0, ""max_function_length"": 6, ""include_count"": 2, ""template_count"": 0, ""class_count"": 0, ""max_nesting_depth"": 4, ""branch_keyword_count"": 3, ""max_cyclomatic_proxy"": 4}","{""producer_dep_count"": 1, ""consumer_count"": 1, ""all_input_count"": 2, ""longest_remaining_hops"": 6}",,,/home/lyu/BuildAC/Ninja_optimized/project/catch_build/build.ninja,735
/home/lyu/BuildAC/Ninja_optimized/project/catch_build/build.ninja:744:83,src/CMakeFiles/Catch2.dir/catch2/internal/catch_leak_detector.cpp.o,CXX_COMPILER__Catch2_unscanned_,compile,"[""src/CMakeFiles/Catch2.dir/catch2/internal/catch_leak_detector.cpp.o""]","[""/home/lyu/BuildAC/Ninja_optimized/project/Catch2/src/catch2/internal/catch_leak_detector.cpp""]",[],"[""cmake_object_order_depends_target_Catch2""]",[],/usr/bin/c++  -I/home/lyu/BuildAC/Ninja_optimized/project/Catch2/src/catch2/.. -I/home/lyu/BuildAC/Ninja_optimized/project/catch_build/generated-includes -ffile-prefix-map=/home/lyu/BuildAC/Ninja_optimized/project/Catch2/= -MD -MT src/CMakeFiles/Catch2.dir/catch2/internal/catch_leak_detector.cpp.o -MF src/CMakeFiles/Catch2.dir/catch2/internal/catch_leak_detector.cpp.o.d -o src/CMakeFiles/Catch2.dir/catch2/internal/catch_leak_detector.cpp.o -c /home/lyu/BuildAC/Ninja_optimized/project/Catch2/src/catch2/internal/catch_leak_detector.cpp,Building CXX object src/CMakeFiles/Catch2.dir/catch2/internal/catch_leak_detector.cpp.o,src/CMakeFiles/Catch2.dir/catch2/internal/catch_leak_detector.cpp.o.d,"{""file_size"": 1152, ""loc"": 38, ""non_empty_loc"": 28, ""function_count"": 2, ""avg_function_length"": 6.5, ""max_function_length"": 10, ""include_count"": 4, ""template_count"": 0, ""class_count"": 0, ""max_nesting_depth"": 2, ""branch_keyword_count"": 0, ""max_cyclomatic_proxy"": 1}","{""producer_dep_count"": 1, ""consumer_count"": 1, ""all_input_count"": 2, ""longest_remaining_hops"": 6}",,,/home/lyu/BuildAC/Ninja_optimized/project/catch_build/build.ninja,744
/home/lyu/BuildAC/Ninja_optimized/project/catch_build/build.ninja:753:84,src/CMakeFiles/Catch2.dir/catch2/internal/catch_list.cpp.o,CXX_COMPILER__Catch2_unscanned_,compile,"[""src/CMakeFiles/Catch2.dir/catch2/internal/catch_list.cpp.o""]","[""/home/lyu/BuildAC/Ninja_optimized/project/Catch2/src/catch2/internal/catch_list.cpp""]",[],"[""cmake_object_order_depends_target_Catch2""]",[],/usr/bin/c++  -I/home/lyu/BuildAC/Ninja_optimized/project/Catch2/src/catch2/.. -I/home/lyu/BuildAC/Ninja_optimized/project/catch_build/generated-includes -ffile-prefix-map=/home/lyu/BuildAC/Ninja_optimized/project/Catch2/= -MD -MT src/CMakeFiles/Catch2.dir/catch2/internal/catch_list.cpp.o -MF src/CMakeFiles/Catch2.dir/catch2/internal/catch_list.cpp.o.d -o src/CMakeFiles/Catch2.dir/catch2/internal/catch_list.cpp.o -c /home/lyu/BuildAC/Ninja_optimized/project/Catch2/src/catch2/internal/catch_list.cpp,Building CXX object src/CMakeFiles/Catch2.dir/catch2/internal/catch_list.cpp.o,src/CMakeFiles/Catch2.dir/catch2/internal/catch_list.cpp.o.d,"{""file_size"": 4244, ""loc"": 120, ""non_empty_loc"": 99, ""function_count"": 18, ""avg_function_length"": 7.5, ""max_function_length"": 21, ""include_count"": 10, ""template_count"": 0, ""class_count"": 0, ""max_nesting_depth"": 5, ""branch_keyword_count"": 12, ""max_cyclomatic_proxy"": 13}","{""producer_dep_count"": 1, ""consumer_count"": 1, ""all_input_count"": 2, ""longest_remaining_hops"": 6}",,,/home/lyu/BuildAC/Ninja_optimized/project/catch_build/build.ninja,753
/home/lyu/BuildAC/Ninja_optimized/project/catch_build/build.ninja:762:85,src/CMakeFiles/Catch2.dir/catch2/internal/catch_message_info.cpp.o,CXX_COMPILER__Catch2_unscanned_,compile,"[""src/CMakeFiles/Catch2.dir/catch2/internal/catch_message_info.cpp.o""]","[""/home/lyu/BuildAC/Ninja_optimized/project/Catch2/src/catch2/internal/catch_message_info.cpp""]",[],"[""cmake_object_order_depends_target_Catch2""]",[],/usr/bin/c++  -I/home/lyu/BuildAC/Ninja_optimized/project/Catch2/src/catch2/.. -I/home/lyu/BuildAC/Ninja_optimized/project/catch_build/generated-includes -ffile-prefix-map=/home/lyu/BuildAC/Ninja_optimized/project/Catch2/= -MD -MT src/CMakeFiles/Catch2.dir/catch2/internal/catch_message_info.cpp.o -MF src/CMakeFiles/Catch2.dir/catch2/internal/catch_message_info.cpp.o.d -o src/CMakeFiles/Catch2.dir/catch2/internal/catch_message_info.cpp.o -c /home/lyu/BuildAC/Ninja_optimized/project/Catch2/src/catch2/internal/catch_message_info.cpp,Building CXX object src/CMakeFiles/Catch2.dir/catch2/internal/catch_message_info.cpp.o,src/CMakeFiles/Catch2.dir/catch2/internal/catch_message_info.cpp.o.d,"{""file_size"": 1023, ""loc"": 30, ""non_empty_loc"": 23, ""function_count"": 1, ""avg_function_length"": 1.0, ""max_function_length"": 1, ""include_count"": 2, ""template_count"": 0, ""class_count"": 0, ""max_nesting_depth"": 2, ""branch_keyword_count"": 0, ""max_cyclomatic_proxy"": 1}","{""producer_dep_count"": 1, ""consumer_count"": 1, ""all_input_count"": 2, ""longest_remaining_hops"": 6}",,,/home/lyu/BuildAC/Ninja_optimized/project/catch_build/build.ninja,762
/home/lyu/BuildAC/Ninja_optimized/project/catch_build/build.ninja:771:86,src/CMakeFiles/Catch2.dir/catch2/internal/catch_output_redirect.cpp.o,CXX_COMPILER__Catch2_unscanned_,compile,"[""src/CMakeFiles/Catch2.dir/catch2/internal/catch_output_redirect.cpp.o""]","[""/home/lyu/BuildAC/Ninja_optimized/project/Catch2/src/catch2/internal/catch_output_redirect.cpp""]",[],"[""cmake_object_order_depends_target_Catch2""]",[],/usr/bin/c++  -I/home/lyu/BuildAC/Ninja_optimized/project/Catch2/src/catch2/.. -I/home/lyu/BuildAC/Ninja_optimized/project/catch_build/generated-includes -ffile-prefix-map=/home/lyu/BuildAC/Ninja_optimized/project/Catch2/= -MD -MT src/CMakeFiles/Catch2.dir/catch2/internal/catch_output_redirect.cpp.o -MF src/CMakeFiles/Catch2.dir/catch2/internal/catch_output_redirect.cpp.o.d -o src/CMakeFiles/Catch2.dir/catch2/internal/catch_output_redirect.cpp.o -c /home/lyu/BuildAC/Ninja_optimized/project/Catch2/src/catch2/internal/catch_output_redirect.cpp,Building CXX object src/CMakeFiles/Catch2.dir/catch2/internal/catch_output_redirect.cpp.o,src/CMakeFiles/Catch2.dir/catch2/internal/catch_output_redirect.cpp.o.d,"{""file_size"": 12020, ""loc"": 339, ""non_empty_loc"": 297, ""function_count"": 31, ""avg_function_length"": 6.032, ""max_function_length"": 20, ""include_count"": 12, ""template_count"": 0, ""class_count"": 5, ""max_nesting_depth"": 6, ""branch_keyword_count"": 23, ""max_cyclomatic_proxy"": 24}","{""producer_dep_count"": 1, ""consumer_count"": 1, ""all_input_count"": 2, ""longest_remaining_hops"": 6}",,,/home/lyu/BuildAC/Ninja_optimized/project/catch_build/build.ninja,771
/home/lyu/BuildAC/Ninja_optimized/project/catch_build/build.ninja:780:87,src/CMakeFiles/Catch2.dir/catch2/internal/catch_parse_numbers.cpp.o,CXX_COMPILER__Catch2_unscanned_,compile,"[""src/CMakeFiles/Catch2.dir/catch2/internal/catch_parse_numbers.cpp.o""]","[""/home/lyu/BuildAC/Ninja_optimized/project/Catch2/src/catch2/internal/catch_parse_numbers.cpp""]",[],"[""cmake_object_order_depends_target_Catch2""]",[],/usr/bin/c++  -I/home/lyu/BuildAC/Ninja_optimized/project/Catch2/src/catch2/.. -I/home/lyu/BuildAC/Ninja_optimized/project/catch_build/generated-includes -ffile-prefix-map=/home/lyu/BuildAC/Ninja_optimized/project/Catch2/= -MD -MT src/CMakeFiles/Catch2.dir/catch2/internal/catch_parse_numbers.cpp.o -MF src/CMakeFiles/Catch2.dir/catch2/internal/catch_parse_numbers.cpp.o.d -o src/CMakeFiles/Catch2.dir/catch2/internal/catch_parse_numbers.cpp.o -c /home/lyu/BuildAC/Ninja_optimized/project/Catch2/src/catch2/internal/catch_parse_numbers.cpp,Building CXX object src/CMakeFiles/Catch2.dir/catch2/internal/catch_parse_numbers.cpp.o,src/CMakeFiles/Catch2.dir/catch2/internal/catch_parse_numbers.cpp.o.d,"{""file_size"": 1771, ""loc"": 52, ""non_empty_loc"": 43, ""function_count"": 6, ""avg_function_length"": 8.0, ""max_function_length"": 33, ""include_count"": 5, ""template_count"": 0, ""class_count"": 0, ""max_nesting_depth"": 5, ""branch_keyword_count"": 3, ""max_cyclomatic_proxy"": 4}","{""producer_dep_count"": 1, ""consumer_count"": 1, ""all_input_count"": 2, ""longest_remaining_hops"": 6}",,,/home/lyu/BuildAC/Ninja_optimized/project/catch_build/build.ninja,780
/home/lyu/BuildAC/Ninja_optimized/project/catch_build/build.ninja:789:88,src/CMakeFiles/Catch2.dir/catch2/internal/catch_polyfills.cpp.o,CXX_COMPILER__Catch2_unscanned_,compile,"[""src/CMakeFiles/Catch2.dir/catch2/internal/catch_polyfills.cpp.o""]","[""/home/lyu/BuildAC/Ninja_optimized/project/Catch2/src/catch2/internal/catch_polyfills.cpp""]",[],"[""cmake_object_order_depends_target_Catch2""]",[],/usr/bin/c++  -I/home/lyu/BuildAC/Ninja_optimized/project/Catch2/src/catch2/.. -I/home/lyu/BuildAC/Ninja_optimized/project/catch_build/generated-includes -ffile-prefix-map=/home/lyu/BuildAC/Ninja_optimized/project/Catch2/= -MD -MT src/CMakeFiles/Catch2.dir/catch2/internal/catch_polyfills.cpp.o -MF src/CMakeFiles/Catch2.dir/catch2/internal/catch_polyfills.cpp.o.d -o src/CMakeFiles/Catch2.dir/catch2/internal/catch_polyfills.cpp.o -c /home/lyu/BuildAC/Ninja_optimized/project/Catch2/src/catch2/internal/catch_polyfills.cpp,Building CXX object src/CMakeFiles/Catch2.dir/catch2/internal/catch_polyfills.cpp.o,src/CMakeFiles/Catch2.dir/catch2/internal/catch_polyfills.cpp.o.d,"{""file_size"": 1168, ""loc"": 42, ""non_empty_loc"": 34, ""function_count"": 8, ""avg_function_length"": 2.0, ""max_function_length"": 3, ""include_count"": 4, ""template_count"": 0, ""class_count"": 0, ""max_nesting_depth"": 2, ""branch_keyword_count"": 2, ""max_cyclomatic_proxy"": 3}","{""producer_dep_count"": 1, ""consumer_count"": 1, ""all_input_count"": 2, ""longest_remaining_hops"": 6}",,,/home/lyu/BuildAC/Ninja_optimized/project/catch_build/build.ninja,789
/home/lyu/BuildAC/Ninja_optimized/project/catch_build/build.ninja:798:89,src/CMakeFiles/Catch2.dir/catch2/internal/catch_random_number_generator.cpp.o,CXX_COMPILER__Catch2_unscanned_,compile,"[""src/CMakeFiles/Catch2.dir/catch2/internal/catch_random_number_generator.cpp.o""]","[""/home/lyu/BuildAC/Ninja_optimized/project/Catch2/src/catch2/internal/catch_random_number_generator.cpp""]",[],"[""cmake_object_order_depends_target_Catch2""]",[],/usr/bin/c++  -I/home/lyu/BuildAC/Ninja_optimized/project/Catch2/src/catch2/.. -I/home/lyu/BuildAC/Ninja_optimized/project/catch_build/generated-includes -ffile-prefix-map=/home/lyu/BuildAC/Ninja_optimized/project/Catch2/= -MD -MT src/CMakeFiles/Catch2.dir/catch2/internal/catch_random_number_generator.cpp.o -MF src/CMakeFiles/Catch2.dir/catch2/internal/catch_random_number_generator.cpp.o.d -o src/CMakeFiles/Catch2.dir/catch2/internal/catch_random_number_generator.cpp.o -c /home/lyu/BuildAC/Ninja_optimized/project/Catch2/src/catch2/internal/catch_random_number_generator.cpp,Building CXX object src/CMakeFiles/Catch2.dir/catch2/internal/catch_random_number_generator.cpp.o,src/CMakeFiles/Catch2.dir/catch2/internal/catch_random_number_generator.cpp.o.d,"{""file_size"": 2172, ""loc"": 78, ""non_empty_loc"": 61, ""function_count"": 5, ""avg_function_length"": 6.2, ""max_function_length"": 10, ""include_count"": 1, ""template_count"": 0, ""class_count"": 0, ""max_nesting_depth"": 3, ""branch_keyword_count"": 4, ""max_cyclomatic_proxy"": 5}","{""producer_dep_count"": 1, ""consumer_count"": 1, ""all_input_count"": 2, ""longest_remaining_hops"": 6}",,,/home/lyu/BuildAC/Ninja_optimized/project/catch_build/build.ninja,798
/home/lyu/BuildAC/Ninja_optimized/project/catch_build/build.ninja:807:90,src/CMakeFiles/Catch2.dir/catch2/internal/catch_random_seed_generation.cpp.o,CXX_COMPILER__Catch2_unscanned_,compile,"[""src/CMakeFiles/Catch2.dir/catch2/internal/catch_random_seed_generation.cpp.o""]","[""/home/lyu/BuildAC/Ninja_optimized/project/Catch2/src/catch2/internal/catch_random_seed_generation.cpp""]",[],"[""cmake_object_order_depends_target_Catch2""]",[],/usr/bin/c++  -I/home/lyu/BuildAC/Ninja_optimized/project/Catch2/src/catch2/.. -I/home/lyu/BuildAC/Ninja_optimized/project/catch_build/generated-includes -ffile-prefix-map=/home/lyu/BuildAC/Ninja_optimized/project/Catch2/= -MD -MT src/CMakeFiles/Catch2.dir/catch2/internal/catch_random_seed_generation.cpp.o -MF src/CMakeFiles/Catch2.dir/catch2/internal/catch_random_seed_generation.cpp.o.d -o src/CMakeFiles/Catch2.dir/catch2/internal/catch_random_seed_generation.cpp.o -c /home/lyu/BuildAC/Ninja_optimized/project/Catch2/src/catch2/internal/catch_random_seed_generation.cpp,Building CXX object src/CMakeFiles/Catch2.dir/catch2/internal/catch_random_seed_generation.cpp.o,src/CMakeFiles/Catch2.dir/catch2/internal/catch_random_seed_generation.cpp.o.d,"{""file_size"": 955, ""loc"": 35, ""non_empty_loc"": 25, ""function_count"": 2, ""avg_function_length"": 14.0, ""max_function_length"": 15, ""include_count"": 5, ""template_count"": 0, ""class_count"": 0, ""max_nesting_depth"": 4, ""branch_keyword_count"": 3, ""max_cyclomatic_proxy"": 4}","{""producer_dep_count"": 1, ""consumer_count"": 1, ""all_input_count"": 2, ""longest_remaining_hops"": 6}",,,/home/lyu/BuildAC/Ninja_optimized/project/catch_build/build.ninja,807
/home/lyu/BuildAC/Ninja_optimized/project/catch_build/build.ninja:816:91,src/CMakeFiles/Catch2.dir/catch2/internal/catch_reporter_registry.cpp.o,CXX_COMPILER__Catch2_unscanned_,compile,"[""src/CMakeFiles/Catch2.dir/catch2/internal/catch_reporter_registry.cpp.o""]","[""/home/lyu/BuildAC/Ninja_optimized/project/Catch2/src/catch2/internal/catch_reporter_registry.cpp""]",[],"[""cmake_object_order_depends_target_Catch2""]",[],/usr/bin/c++  -I/home/lyu/BuildAC/Ninja_optimized/project/Catch2/src/catch2/.. -I/home/lyu/BuildAC/Ninja_optimized/project/catch_build/generated-includes -ffile-prefix-map=/home/lyu/BuildAC/Ninja_optimized/project/Catch2/= -MD -MT src/CMakeFiles/Catch2.dir/catch2/internal/catch_reporter_registry.cpp.o -MF src/CMakeFiles/Catch2.dir/catch2/internal/catch_reporter_registry.cpp.o.d -o src/CMakeFiles/Catch2.dir/catch2/internal/catch_reporter_registry.cpp.o -c /home/lyu/BuildAC/Ninja_optimized/project/Catch2/src/catch2/internal/catch_reporter_registry.cpp,Building CXX object src/CMakeFiles/Catch2.dir/catch2/internal/catch_reporter_registry.cpp.o,src/CMakeFiles/Catch2.dir/catch2/internal/catch_reporter_registry.cpp.o.d,"{""file_size"": 3904, ""loc"": 91, ""non_empty_loc"": 81, ""function_count"": 6, ""avg_function_length"": 7.5, ""max_function_length"": 22, ""include_count"": 14, ""template_count"": 0, ""class_count"": 1, ""max_nesting_depth"": 2, ""branch_keyword_count"": 1, ""max_cyclomatic_proxy"": 2}","{""producer_dep_count"": 1, ""consumer_count"": 1, ""all_input_count"": 2, ""longest_remaining_hops"": 6}",,,/home/lyu/BuildAC/Ninja_optimized/project/catch_build/build.ninja,816
/home/lyu/BuildAC/Ninja_optimized/project/catch_build/build.ninja:825:92,src/CMakeFiles/Catch2.dir/catch2/internal/catch_reporter_spec_parser.cpp.o,CXX_COMPILER__Catch2_unscanned_,compile,"[""src/CMakeFiles/Catch2.dir/catch2/internal/catch_reporter_spec_parser.cpp.o""]","[""/home/lyu/BuildAC/Ninja_optimized/project/Catch2/src/catch2/internal/catch_reporter_spec_parser.cpp""]",[],"[""cmake_object_order_depends_target_Catch2""]",[],/usr/bin/c++  -I/home/lyu/BuildAC/Ninja_optimized/project/Catch2/src/catch2/.. -I/home/lyu/BuildAC/Ninja_optimized/project/catch_build/generated-includes -ffile-prefix-map=/home/lyu/BuildAC/Ninja_optimized/project/Catch2/= -MD -MT src/CMakeFiles/Catch2.dir/catch2/internal/catch_reporter_spec_parser.cpp.o -MF src/CMakeFiles/Catch2.dir/catch2/internal/catch_reporter_spec_parser.cpp.o.d -o src/CMakeFiles/Catch2.dir/catch2/internal/catch_reporter_spec_parser.cpp.o -c /home/lyu/BuildAC/Ninja_optimized/project/Catch2/src/catch2/internal/catch_reporter_spec_parser.cpp,Building CXX object src/CMakeFiles/Catch2.dir/catch2/internal/catch_reporter_spec_parser.cpp.o,src/CMakeFiles/Catch2.dir/catch2/internal/catch_reporter_spec_parser.cpp.o.d,"{""file_size"": 6265, ""loc"": 173, ""non_empty_loc"": 143, ""function_count"": 23, ""avg_function_length"": 9.217, ""max_function_length"": 56, ""include_count"": 4, ""template_count"": 0, ""class_count"": 1, ""max_nesting_depth"": 6, ""branch_keyword_count"": 20, ""max_cyclomatic_proxy"": 21}","{""producer_dep_count"": 1, ""consumer_count"": 1, ""all_input_count"": 2, ""longest_remaining_hops"": 6}",,,/home/lyu/BuildAC/Ninja_optimized/project/catch_build/build.ninja,825
/home/lyu/BuildAC/Ninja_optimized/project/catch_build/build.ninja:834:93,src/CMakeFiles/Catch2.dir/catch2/internal/catch_reusable_string_stream.cpp.o,CXX_COMPILER__Catch2_unscanned_,compile,"[""src/CMakeFiles/Catch2.dir/catch2/internal/catch_reusable_string_stream.cpp.o""]","[""/home/lyu/BuildAC/Ninja_optimized/project/Catch2/src/catch2/internal/catch_reusable_string_stream.cpp""]",[],"[""cmake_object_order_depends_target_Catch2""]",[],/usr/bin/c++  -I/home/lyu/BuildAC/Ninja_optimized/project/Catch2/src/catch2/.. -I/home/lyu/BuildAC/Ninja_optimized/project/catch_build/generated-includes -ffile-prefix-map=/home/lyu/BuildAC/Ninja_optimized/project/Catch2/= -MD -MT src/CMakeFiles/Catch2.dir/catch2/internal/catch_reusable_string_stream.cpp.o -MF src/CMakeFiles/Catch2.dir/catch2/internal/catch_reusable_string_stream.cpp.o.d -o src/CMakeFiles/Catch2.dir/catch2/internal/catch_reusable_string_stream.cpp.o -c /home/lyu/BuildAC/Ninja_optimized/project/Catch2/src/catch2/internal/catch_reusable_string_stream.cpp,Building CXX object src/CMakeFiles/Catch2.dir/catch2/internal/catch_reusable_string_stream.cpp.o,src/CMakeFiles/Catch2.dir/catch2/internal/catch_reusable_string_stream.cpp.o.d,"{""file_size"": 2434, ""loc"": 70, ""non_empty_loc"": 56, ""function_count"": 6, ""avg_function_length"": 4.5, ""max_function_length"": 8, ""include_count"": 8, ""template_count"": 0, ""class_count"": 1, ""max_nesting_depth"": 5, ""branch_keyword_count"": 1, ""max_cyclomatic_proxy"": 2}","{""producer_dep_count"": 1, ""consumer_count"": 1, ""all_input_count"": 2, ""longest_remaining_hops"": 6}",,,/home/lyu/BuildAC/Ninja_optimized/project/catch_build/build.ninja,834
/home/lyu/BuildAC/Ninja_optimized/project/catch_build/build.ninja:843:94,src/CMakeFiles/Catch2.dir/catch2/internal/catch_run_context.cpp.o,CXX_COMPILER__Catch2_unscanned_,compile,"[""src/CMakeFiles/Catch2.dir/catch2/internal/catch_run_context.cpp.o""]","[""/home/lyu/BuildAC/Ninja_optimized/project/Catch2/src/catch2/internal/catch_run_context.cpp""]",[],"[""cmake_object_order_depends_target_Catch2""]",[],/usr/bin/c++  -I/home/lyu/BuildAC/Ninja_optimized/project/Catch2/src/catch2/.. -I/home/lyu/BuildAC/Ninja_optimized/project/catch_build/generated-includes -ffile-prefix-map=/home/lyu/BuildAC/Ninja_optimized/project/Catch2/= -MD -MT src/CMakeFiles/Catch2.dir/catch2/internal/catch_run_context.cpp.o -MF src/CMakeFiles/Catch2.dir/catch2/internal/catch_run_context.cpp.o.d -o src/CMakeFiles/Catch2.dir/catch2/internal/catch_run_context.cpp.o -c /home/lyu/BuildAC/Ninja_optimized/project/Catch2/src/catch2/internal/catch_run_context.cpp,Building CXX object src/CMakeFiles/Catch2.dir/catch2/internal/catch_run_context.cpp.o,src/CMakeFiles/Catch2.dir/catch2/internal/catch_run_context.cpp.o.d,"{""file_size"": 41793, ""loc"": 964, ""non_empty_loc"": 836, ""function_count"": 88, ""avg_function_length"": 9.932, ""max_function_length"": 93, ""include_count"": 23, ""template_count"": 0, ""class_count"": 2, ""max_nesting_depth"": 8, ""branch_keyword_count"": 41, ""max_cyclomatic_proxy"": 42}","{""producer_dep_count"": 1, ""consumer_count"": 1, ""all_input_count"": 2, ""longest_remaining_hops"": 6}",,,/home/lyu/BuildAC/Ninja_optimized/project/catch_build/build.ninja,843
/home/lyu/BuildAC/Ninja_optimized/project/catch_build/build.ninja:852:95,src/CMakeFiles/Catch2.dir/catch2/internal/catch_section.cpp.o,CXX_COMPILER__Catch2_unscanned_,compile,"[""src/CMakeFiles/Catch2.dir/catch2/internal/catch_section.cpp.o""]","[""/home/lyu/BuildAC/Ninja_optimized/project/Catch2/src/catch2/internal/catch_section.cpp""]",[],"[""cmake_object_order_depends_target_Catch2""]",[],/usr/bin/c++  -I/home/lyu/BuildAC/Ninja_optimized/project/Catch2/src/catch2/.. -I/home/lyu/BuildAC/Ninja_optimized/project/catch_build/generated-includes -ffile-prefix-map=/home/lyu/BuildAC/Ninja_optimized/project/Catch2/= -MD -MT src/CMakeFiles/Catch2.dir/catch2/internal/catch_section.cpp.o -MF src/CMakeFiles/Catch2.dir/catch2/internal/catch_section.cpp.o.d -o src/CMakeFiles/Catch2.dir/catch2/internal/catch_section.cpp.o -c /home/lyu/BuildAC/Ninja_optimized/project/Catch2/src/catch2/internal/catch_section.cpp,Building CXX object src/CMakeFiles/Catch2.dir/catch2/internal/catch_section.cpp.o,src/CMakeFiles/Catch2.dir/catch2/internal/catch_section.cpp.o.d,"{""file_size"": 2253, ""loc"": 60, ""non_empty_loc"": 51, ""function_count"": 8, ""avg_function_length"": 6.25, ""max_function_length"": 11, ""include_count"": 4, ""template_count"": 0, ""class_count"": 0, ""max_nesting_depth"": 4, ""branch_keyword_count"": 4, ""max_cyclomatic_proxy"": 5}","{""producer_dep_count"": 1, ""consumer_count"": 1, ""all_input_count"": 2, ""longest_remaining_hops"": 6}",,,/home/lyu/BuildAC/Ninja_optimized/project/catch_build/build.ninja,852
/home/lyu/BuildAC/Ninja_optimized/project/catch_build/build.ninja:861:96,src/CMakeFiles/Catch2.dir/catch2/internal/catch_singletons.cpp.o,CXX_COMPILER__Catch2_unscanned_,compile,"[""src/CMakeFiles/Catch2.dir/catch2/internal/catch_singletons.cpp.o""]","[""/home/lyu/BuildAC/Ninja_optimized/project/Catch2/src/catch2/internal/catch_singletons.cpp""]",[],"[""cmake_object_order_depends_target_Catch2""]",[],/usr/bin/c++  -I/home/lyu/BuildAC/Ninja_optimized/project/Catch2/src/catch2/.. -I/home/lyu/BuildAC/Ninja_optimized/project/catch_build/generated-includes -ffile-prefix-map=/home/lyu/BuildAC/Ninja_optimized/project/Catch2/= -MD -MT src/CMakeFiles/Catch2.dir/catch2/internal/catch_singletons.cpp.o -MF src/CMakeFiles/Catch2.dir/catch2/internal/catch_singletons.cpp.o.d -o src/CMakeFiles/Catch2.dir/catch2/internal/catch_singletons.cpp.o -c /home/lyu/BuildAC/Ninja_optimized/project/Catch2/src/catch2/internal/catch_singletons.cpp,Building CXX object src/CMakeFiles/Catch2.dir/catch2/internal/catch_singletons.cpp.o,src/CMakeFiles/Catch2.dir/catch2/internal/catch_singletons.cpp.o.d,"{""file_size"": 1005, ""loc"": 36, ""non_empty_loc"": 28, ""function_count"": 3, ""avg_function_length"": 5.333, ""max_function_length"": 7, ""include_count"": 2, ""template_count"": 0, ""class_count"": 0, ""max_nesting_depth"": 3, ""branch_keyword_count"": 2, ""max_cyclomatic_proxy"": 3}","{""producer_dep_count"": 1, ""consumer_count"": 1, ""all_input_count"": 2, ""longest_remaining_hops"": 6}",,,/home/lyu/BuildAC/Ninja_optimized/project/catch_build/build.ninja,861
/home/lyu/BuildAC/Ninja_optimized/project/catch_build/build.ninja:870:97,src/CMakeFiles/Catch2.dir/catch2/internal/catch_source_line_info.cpp.o,CXX_COMPILER__Catch2_unscanned_,compile,"[""src/CMakeFiles/Catch2.dir/catch2/internal/catch_source_line_info.cpp.o""]","[""/home/lyu/BuildAC/Ninja_optimized/project/Catch2/src/catch2/internal/catch_source_line_info.cpp""]",[],"[""cmake_object_order_depends_target_Catch2""]",[],/usr/bin/c++  -I/home/lyu/BuildAC/Ninja_optimized/project/Catch2/src/catch2/.. -I/home/lyu/BuildAC/Ninja_optimized/project/catch_build/generated-includes -ffile-prefix-map=/home/lyu/BuildAC/Ninja_optimized/project/Catch2/= -MD -MT src/CMakeFiles/Catch2.dir/catch2/internal/catch_source_line_info.cpp.o -MF src/CMakeFiles/Catch2.dir/catch2/internal/catch_source_line_info.cpp.o.d -o src/CMakeFiles/Catch2.dir/catch2/internal/catch_source_line_info.cpp.o -c /home/lyu/BuildAC/Ninja_optimized/project/Catch2/src/catch2/internal/catch_source_line_info.cpp,Building CXX object src/CMakeFiles/Catch2.dir/catch2/internal/catch_source_line_info.cpp.o,src/CMakeFiles/Catch2.dir/catch2/internal/catch_source_line_info.cpp.o.d,"{""file_size"": 1181, ""loc"": 33, ""non_empty_loc"": 26, ""function_count"": 0, ""avg_function_length"": 0, ""max_function_length"": 0, ""include_count"": 3, ""template_count"": 0, ""class_count"": 0, ""max_nesting_depth"": 2, ""branch_keyword_count"": 0, ""max_cyclomatic_proxy"": 1}","{""producer_dep_count"": 1, ""consumer_count"": 1, ""all_input_count"": 2, ""longest_remaining_hops"": 6}",,,/home/lyu/BuildAC/Ninja_optimized/project/catch_build/build.ninja,870
/home/lyu/BuildAC/Ninja_optimized/project/catch_build/build.ninja:879:98,src/CMakeFiles/Catch2.dir/catch2/internal/catch_startup_exception_registry.cpp.o,CXX_COMPILER__Catch2_unscanned_,compile,"[""src/CMakeFiles/Catch2.dir/catch2/internal/catch_startup_exception_registry.cpp.o""]","[""/home/lyu/BuildAC/Ninja_optimized/project/Catch2/src/catch2/internal/catch_startup_exception_registry.cpp""]",[],"[""cmake_object_order_depends_target_Catch2""]",[],/usr/bin/c++  -I/home/lyu/BuildAC/Ninja_optimized/project/Catch2/src/catch2/.. -I/home/lyu/BuildAC/Ninja_optimized/project/catch_build/generated-includes -ffile-prefix-map=/home/lyu/BuildAC/Ninja_optimized/project/Catch2/= -MD -MT src/CMakeFiles/Catch2.dir/catch2/internal/catch_startup_exception_registry.cpp.o -MF src/CMakeFiles/Catch2.dir/catch2/internal/catch_startup_exception_registry.cpp.o.d -o src/CMakeFiles/Catch2.dir/catch2/internal/catch_startup_exception_registry.cpp.o -c /home/lyu/BuildAC/Ninja_optimized/project/Catch2/src/catch2/internal/catch_startup_exception_registry.cpp,Building CXX object src/CMakeFiles/Catch2.dir/catch2/internal/catch_startup_exception_registry.cpp.o,src/CMakeFiles/Catch2.dir/catch2/internal/catch_startup_exception_registry.cpp.o.d,"{""file_size"": 975, ""loc"": 29, ""non_empty_loc"": 23, ""function_count"": 2, ""avg_function_length"": 5.5, ""max_function_length"": 8, ""include_count"": 3, ""template_count"": 0, ""class_count"": 0, ""max_nesting_depth"": 3, ""branch_keyword_count"": 1, ""max_cyclomatic_proxy"": 2}","{""producer_dep_count"": 1, ""consumer_count"": 1, ""all_input_count"": 2, ""longest_remaining_hops"": 6}",,,/home/lyu/BuildAC/Ninja_optimized/project/catch_build/build.ninja,879
/home/lyu/BuildAC/Ninja_optimized/project/catch_build/build.ninja:888:99,src/CMakeFiles/Catch2.dir/catch2/internal/catch_stdstreams.cpp.o,CXX_COMPILER__Catch2_unscanned_,compile,"[""src/CMakeFiles/Catch2.dir/catch2/internal/catch_stdstreams.cpp.o""]","[""/home/lyu/BuildAC/Ninja_optimized/project/Catch2/src/catch2/internal/catch_stdstreams.cpp""]",[],"[""cmake_object_order_depends_target_Catch2""]",[],/usr/bin/c++  -I/home/lyu/BuildAC/Ninja_optimized/project/Catch2/src/catch2/.. -I/home/lyu/BuildAC/Ninja_optimized/project/catch_build/generated-includes -ffile-prefix-map=/home/lyu/BuildAC/Ninja_optimized/project/Catch2/= -MD -MT src/CMakeFiles/Catch2.dir/catch2/internal/catch_stdstreams.cpp.o -MF src/CMakeFiles/Catch2.dir/catch2/internal/catch_stdstreams.cpp.o.d -o src/CMakeFiles/Catch2.dir/catch2/internal/catch_stdstreams.cpp.o -c /home/lyu/BuildAC/Ninja_optimized/project/Catch2/src/catch2/internal/catch_stdstreams.cpp,Building CXX object src/CMakeFiles/Catch2.dir/catch2/internal/catch_stdstreams.cpp.o,src/CMakeFiles/Catch2.dir/catch2/internal/catch_stdstreams.cpp.o.d,"{""file_size"": 638, ""loc"": 24, ""non_empty_loc"": 16, ""function_count"": 3, ""avg_function_length"": 1.0, ""max_function_length"": 1, ""include_count"": 3, ""template_count"": 0, ""class_count"": 0, ""max_nesting_depth"": 2, ""branch_keyword_count"": 1, ""max_cyclomatic_proxy"": 2}","{""producer_dep_count"": 1, ""consumer_count"": 1, ""all_input_count"": 2, ""longest_remaining_hops"": 6}",,,/home/lyu/BuildAC/Ninja_optimized/project/catch_build/build.ninja,888
/home/lyu/BuildAC/Ninja_optimized/project/catch_build/build.ninja:897:100,src/CMakeFiles/Catch2.dir/catch2/internal/catch_string_manip.cpp.o,CXX_COMPILER__Catch2_unscanned_,compile,"[""src/CMakeFiles/Catch2.dir/catch2/internal/catch_string_manip.cpp.o""]","[""/home/lyu/BuildAC/Ninja_optimized/project/Catch2/src/catch2/internal/catch_string_manip.cpp""]",[],"[""cmake_object_order_depends_target_Catch2""]",[],/usr/bin/c++  -I/home/lyu/BuildAC/Ninja_optimized/project/Catch2/src/catch2/.. -I/home/lyu/BuildAC/Ninja_optimized/project/catch_build/generated-includes -ffile-prefix-map=/home/lyu/BuildAC/Ninja_optimized/project/Catch2/= -MD -MT src/CMakeFiles/Catch2.dir/catch2/internal/catch_string_manip.cpp.o -MF src/CMakeFiles/Catch2.dir/catch2/internal/catch_string_manip.cpp.o.d -o src/CMakeFiles/Catch2.dir/catch2/internal/catch_string_manip.cpp.o -c /home/lyu/BuildAC/Ninja_optimized/project/Catch2/src/catch2/internal/catch_string_manip.cpp,Building CXX object src/CMakeFiles/Catch2.dir/catch2/internal/catch_string_manip.cpp.o,src/CMakeFiles/Catch2.dir/catch2/internal/catch_string_manip.cpp.o.d,"{""file_size"": 4235, ""loc"": 116, ""non_empty_loc"": 103, ""function_count"": 18, ""avg_function_length"": 5.611, ""max_function_length"": 25, ""include_count"": 7, ""template_count"": 0, ""class_count"": 0, ""max_nesting_depth"": 4, ""branch_keyword_count"": 12, ""max_cyclomatic_proxy"": 13}","{""producer_dep_count"": 1, ""consumer_count"": 1, ""all_input_count"": 2, ""longest_remaining_hops"": 6}",,,/home/lyu/BuildAC/Ninja_optimized/project/catch_build/build.ninja,897
/home/lyu/BuildAC/Ninja_optimized/project/catch_build/build.ninja:906:101,src/CMakeFiles/Catch2.dir/catch2/internal/catch_stringref.cpp.o,CXX_COMPILER__Catch2_unscanned_,compile,"[""src/CMakeFiles/Catch2.dir/catch2/internal/catch_stringref.cpp.o""]","[""/home/lyu/BuildAC/Ninja_optimized/project/Catch2/src/catch2/internal/catch_stringref.cpp""]",[],"[""cmake_object_order_depends_target_Catch2""]",[],/usr/bin/c++  -I/home/lyu/BuildAC/Ninja_optimized/project/Catch2/src/catch2/.. -I/home/lyu/BuildAC/Ninja_optimized/project/catch_build/generated-includes -ffile-prefix-map=/home/lyu/BuildAC/Ninja_optimized/project/Catch2/= -MD -MT src/CMakeFiles/Catch2.dir/catch2/internal/catch_stringref.cpp.o -MF src/CMakeFiles/Catch2.dir/catch2/internal/catch_stringref.cpp.o.d -o src/CMakeFiles/Catch2.dir/catch2/internal/catch_stringref.cpp.o -c /home/lyu/BuildAC/Ninja_optimized/project/Catch2/src/catch2/internal/catch_stringref.cpp,Building CXX object src/CMakeFiles/Catch2.dir/catch2/internal/catch_stringref.cpp.o,src/CMakeFiles/Catch2.dir/catch2/internal/catch_stringref.cpp.o.d,"{""file_size"": 1879, ""loc"": 65, ""non_empty_loc"": 52, ""function_count"": 6, ""avg_function_length"": 5.5, ""max_function_length"": 20, ""include_count"": 4, ""template_count"": 0, ""class_count"": 0, ""max_nesting_depth"": 3, ""branch_keyword_count"": 4, ""max_cyclomatic_proxy"": 5}","{""producer_dep_count"": 1, ""consumer_count"": 1, ""all_input_count"": 2, ""longest_remaining_hops"": 6}",,,/home/lyu/BuildAC/Ninja_optimized/project/catch_build/build.ninja,906
/home/lyu/BuildAC/Ninja_optimized/project/catch_build/build.ninja:915:102,src/CMakeFiles/Catch2.dir/catch2/internal/catch_tag_alias_registry.cpp.o,CXX_COMPILER__Catch2_unscanned_,compile,"[""src/CMakeFiles/Catch2.dir/catch2/internal/catch_tag_alias_registry.cpp.o""]","[""/home/lyu/BuildAC/Ninja_optimized/project/Catch2/src/catch2/internal/catch_tag_alias_registry.cpp""]",[],"[""cmake_object_order_depends_target_Catch2""]",[],/usr/bin/c++  -I/home/lyu/BuildAC/Ninja_optimized/project/Catch2/src/catch2/.. -I/home/lyu/BuildAC/Ninja_optimized/project/catch_build/generated-includes -ffile-prefix-map=/home/lyu/BuildAC/Ninja_optimized/project/Catch2/= -MD -MT src/CMakeFiles/Catch2.dir/catch2/internal/catch_tag_alias_registry.cpp.o -MF src/CMakeFiles/Catch2.dir/catch2/internal/catch_tag_alias_registry.cpp.o.d -o src/CMakeFiles/Catch2.dir/catch2/internal/catch_tag_alias_registry.cpp.o -c /home/lyu/BuildAC/Ninja_optimized/project/Catch2/src/catch2/internal/catch_tag_alias_registry.cpp,Building CXX object src/CMakeFiles/Catch2.dir/catch2/internal/catch_tag_alias_registry.cpp.o,src/CMakeFiles/Catch2.dir/catch2/internal/catch_tag_alias_registry.cpp.o.d,"{""file_size"": 2215, ""loc"": 54, ""non_empty_loc"": 43, ""function_count"": 6, ""avg_function_length"": 7.333, ""max_function_length"": 12, ""include_count"": 4, ""template_count"": 0, ""class_count"": 0, ""max_nesting_depth"": 4, ""branch_keyword_count"": 3, ""max_cyclomatic_proxy"": 4}","{""producer_dep_count"": 1, ""consumer_count"": 1, ""all_input_count"": 2, ""longest_remaining_hops"": 6}",,,/home/lyu/BuildAC/Ninja_optimized/project/catch_build/build.ninja,915
/home/lyu/BuildAC/Ninja_optimized/project/catch_build/build.ninja:924:103,src/CMakeFiles/Catch2.dir/catch2/internal/catch_test_case_info_hasher.cpp.o,CXX_COMPILER__Catch2_unscanned_,compile,"[""src/CMakeFiles/Catch2.dir/catch2/internal/catch_test_case_info_hasher.cpp.o""]","[""/home/lyu/BuildAC/Ninja_optimized/project/Catch2/src/catch2/internal/catch_test_case_info_hasher.cpp""]",[],"[""cmake_object_order_depends_target_Catch2""]",[],/usr/bin/c++  -I/home/lyu/BuildAC/Ninja_optimized/project/Catch2/src/catch2/.. -I/home/lyu/BuildAC/Ninja_optimized/project/catch_build/generated-includes -ffile-prefix-map=/home/lyu/BuildAC/Ninja_optimized/project/Catch2/= -MD -MT src/CMakeFiles/Catch2.dir/catch2/internal/catch_test_case_info_hasher.cpp.o -MF src/CMakeFiles/Catch2.dir/catch2/internal/catch_test_case_info_hasher.cpp.o.d -o src/CMakeFiles/Catch2.dir/catch2/internal/catch_test_case_info_hasher.cpp.o -c /home/lyu/BuildAC/Ninja_optimized/project/Catch2/src/catch2/internal/catch_test_case_info_hasher.cpp,Building CXX object src/CMakeFiles/Catch2.dir/catch2/internal/catch_test_case_info_hasher.cpp.o,src/CMakeFiles/Catch2.dir/catch2/internal/catch_test_case_info_hasher.cpp.o.d,"{""file_size"": 1283, ""loc"": 39, ""non_empty_loc"": 34, ""function_count"": 6, ""avg_function_length"": 7.167, ""max_function_length"": 24, ""include_count"": 2, ""template_count"": 0, ""class_count"": 0, ""max_nesting_depth"": 4, ""branch_keyword_count"": 4, ""max_cyclomatic_proxy"": 5}","{""producer_dep_count"": 1, ""consumer_count"": 1, ""all_input_count"": 2, ""longest_remaining_hops"": 6}",,,/home/lyu/BuildAC/Ninja_optimized/project/catch_build/build.ninja,924
/home/lyu/BuildAC/Ninja_optimized/project/catch_build/build.ninja:933:104,src/CMakeFiles/Catch2.dir/catch2/internal/catch_test_case_registry_impl.cpp.o,CXX_COMPILER__Catch2_unscanned_,compile,"[""src/CMakeFiles/Catch2.dir/catch2/internal/catch_test_case_registry_impl.cpp.o""]","[""/home/lyu/BuildAC/Ninja_optimized/project/Catch2/src/catch2/internal/catch_test_case_registry_impl.cpp""]",[],"[""cmake_object_order_depends_target_Catch2""]",[],/usr/bin/c++  -I/home/lyu/BuildAC/Ninja_optimized/project/Catch2/src/catch2/.. -I/home/lyu/BuildAC/Ninja_optimized/project/catch_build/generated-includes -ffile-prefix-map=/home/lyu/BuildAC/Ninja_optimized/project/Catch2/= -MD -MT src/CMakeFiles/Catch2.dir/catch2/internal/catch_test_case_registry_impl.cpp.o -MF src/CMakeFiles/Catch2.dir/catch2/internal/catch_test_case_registry_impl.cpp.o.d -o src/CMakeFiles/Catch2.dir/catch2/internal/catch_test_case_registry_impl.cpp.o -c /home/lyu/BuildAC/Ninja_optimized/project/Catch2/src/catch2/internal/catch_test_case_registry_impl.cpp,Building CXX object src/CMakeFiles/Catch2.dir/catch2/internal/catch_test_case_registry_impl.cpp.o,src/CMakeFiles/Catch2.dir/catch2/internal/catch_test_case_registry_impl.cpp.o.d,"{""file_size"": 6232, ""loc"": 153, ""non_empty_loc"": 128, ""function_count"": 20, ""avg_function_length"": 10.2, ""max_function_length"": 50, ""include_count"": 11, ""template_count"": 0, ""class_count"": 0, ""max_nesting_depth"": 6, ""branch_keyword_count"": 12, ""max_cyclomatic_proxy"": 13}","{""producer_dep_count"": 1, ""consumer_count"": 1, ""all_input_count"": 2, ""longest_remaining_hops"": 6}",,,/home/lyu/BuildAC/Ninja_optimized/project/catch_build/build.ninja,933
/home/lyu/BuildAC/Ninja_optimized/project/catch_build/build.ninja:942:105,src/CMakeFiles/Catch2.dir/catch2/internal/catch_test_case_tracker.cpp.o,CXX_COMPILER__Catch2_unscanned_,compile,"[""src/CMakeFiles/Catch2.dir/catch2/internal/catch_test_case_tracker.cpp.o""]","[""/home/lyu/BuildAC/Ninja_optimized/project/Catch2/src/catch2/internal/catch_test_case_tracker.cpp""]",[],"[""cmake_object_order_depends_target_Catch2""]",[],/usr/bin/c++  -I/home/lyu/BuildAC/Ninja_optimized/project/Catch2/src/catch2/.. -I/home/lyu/BuildAC/Ninja_optimized/project/catch_build/generated-includes -ffile-prefix-map=/home/lyu/BuildAC/Ninja_optimized/project/Catch2/= -MD -MT src/CMakeFiles/Catch2.dir/catch2/internal/catch_test_case_tracker.cpp.o -MF src/CMakeFiles/Catch2.dir/catch2/internal/catch_test_case_tracker.cpp.o.d -o src/CMakeFiles/Catch2.dir/catch2/internal/catch_test_case_tracker.cpp.o -c /home/lyu/BuildAC/Ninja_optimized/project/Catch2/src/catch2/internal/catch_test_case_tracker.cpp,Building CXX object src/CMakeFiles/Catch2.dir/catch2/internal/catch_test_case_tracker.cpp.o,src/CMakeFiles/Catch2.dir/catch2/internal/catch_test_case_tracker.cpp.o.d,"{""file_size"": 7946, ""loc"": 245, ""non_empty_loc"": 202, ""function_count"": 40, ""avg_function_length"": 6.4, ""max_function_length"": 29, ""include_count"": 7, ""template_count"": 0, ""class_count"": 0, ""max_nesting_depth"": 5, ""branch_keyword_count"": 23, ""max_cyclomatic_proxy"": 24}","{""producer_dep_count"": 1, ""consumer_count"": 1, ""all_input_count"": 2, ""longest_remaining_hops"": 6}",,,/home/lyu/BuildAC/Ninja_optimized/project/catch_build/build.ninja,942
/home/lyu/BuildAC/Ninja_optimized/project/catch_build/build.ninja:951:106,src/CMakeFiles/Catch2.dir/catch2/internal/catch_test_failure_exception.cpp.o,CXX_COMPILER__Catch2_unscanned_,compile,"[""src/CMakeFiles/Catch2.dir/catch2/internal/catch_test_failure_exception.cpp.o""]","[""/home/lyu/BuildAC/Ninja_optimized/project/Catch2/src/catch2/internal/catch_test_failure_exception.cpp""]",[],"[""cmake_object_order_depends_target_Catch2""]",[],/usr/bin/c++  -I/home/lyu/BuildAC/Ninja_optimized/project/Catch2/src/catch2/.. -I/home/lyu/BuildAC/Ninja_optimized/project/catch_build/generated-includes -ffile-prefix-map=/home/lyu/BuildAC/Ninja_optimized/project/Catch2/= -MD -MT src/CMakeFiles/Catch2.dir/catch2/internal/catch_test_failure_exception.cpp.o -MF src/CMakeFiles/Catch2.dir/catch2/internal/catch_test_failure_exception.cpp.o.d -o src/CMakeFiles/Catch2.dir/catch2/internal/catch_test_failure_exception.cpp.o -c /home/lyu/BuildAC/Ninja_optimized/project/Catch2/src/catch2/internal/catch_test_failure_exception.cpp,Building CXX object src/CMakeFiles/Catch2.dir/catch2/internal/catch_test_failure_exception.cpp.o,src/CMakeFiles/Catch2.dir/catch2/internal/catch_test_failure_exception.cpp.o.d,"{""file_size"": 875, ""loc"": 31, ""non_empty_loc"": 24, ""function_count"": 2, ""avg_function_length"": 7.0, ""max_function_length"": 7, ""include_count"": 3, ""template_count"": 0, ""class_count"": 0, ""max_nesting_depth"": 3, ""branch_keyword_count"": 2, ""max_cyclomatic_proxy"": 3}","{""producer_dep_count"": 1, ""consumer_count"": 1, ""all_input_count"": 2, ""longest_remaining_hops"": 6}",,,/home/lyu/BuildAC/Ninja_optimized/project/catch_build/build.ninja,951
/home/lyu/BuildAC/Ninja_optimized/project/catch_build/build.ninja:960:107,src/CMakeFiles/Catch2.dir/catch2/internal/catch_test_registry.cpp.o,CXX_COMPILER__Catch2_unscanned_,compile,"[""src/CMakeFiles/Catch2.dir/catch2/internal/catch_test_registry.cpp.o""]","[""/home/lyu/BuildAC/Ninja_optimized/project/Catch2/src/catch2/internal/catch_test_registry.cpp""]",[],"[""cmake_object_order_depends_target_Catch2""]",[],/usr/bin/c++  -I/home/lyu/BuildAC/Ninja_optimized/project/Catch2/src/catch2/.. -I/home/lyu/BuildAC/Ninja_optimized/project/catch_build/generated-includes -ffile-prefix-map=/home/lyu/BuildAC/Ninja_optimized/project/Catch2/= -MD -MT src/CMakeFiles/Catch2.dir/catch2/internal/catch_test_registry.cpp.o -MF src/CMakeFiles/Catch2.dir/catch2/internal/catch_test_registry.cpp.o.d -o src/CMakeFiles/Catch2.dir/catch2/internal/catch_test_registry.cpp.o -c /home/lyu/BuildAC/Ninja_optimized/project/Catch2/src/catch2/internal/catch_test_registry.cpp,Building CXX object src/CMakeFiles/Catch2.dir/catch2/internal/catch_test_registry.cpp.o,src/CMakeFiles/Catch2.dir/catch2/internal/catch_test_registry.cpp.o.d,"{""file_size"": 3375, ""loc"": 84, ""non_empty_loc"": 68, ""function_count"": 7, ""avg_function_length"": 7.286, ""max_function_length"": 27, ""include_count"": 8, ""template_count"": 0, ""class_count"": 1, ""max_nesting_depth"": 4, ""branch_keyword_count"": 1, ""max_cyclomatic_proxy"": 2}","{""producer_dep_count"": 1, ""consumer_count"": 1, ""all_input_count"": 2, ""longest_remaining_hops"": 6}",,,/home/lyu/BuildAC/Ninja_optimized/project/catch_build/build.ninja,960
/home/lyu/BuildAC/Ninja_optimized/project/catch_build/build.ninja:969:108,src/CMakeFiles/Catch2.dir/catch2/internal/catch_test_spec_parser.cpp.o,CXX_COMPILER__Catch2_unscanned_,compile,"[""src/CMakeFiles/Catch2.dir/catch2/internal/catch_test_spec_parser.cpp.o""]","[""/home/lyu/BuildAC/Ninja_optimized/project/Catch2/src/catch2/internal/catch_test_spec_parser.cpp""]",[],"[""cmake_object_order_depends_target_Catch2""]",[],/usr/bin/c++  -I/home/lyu/BuildAC/Ninja_optimized/project/Catch2/src/catch2/.. -I/home/lyu/BuildAC/Ninja_optimized/project/catch_build/generated-includes -ffile-prefix-map=/home/lyu/BuildAC/Ninja_optimized/project/Catch2/= -MD -MT src/CMakeFiles/Catch2.dir/catch2/internal/catch_test_spec_parser.cpp.o -MF src/CMakeFiles/Catch2.dir/catch2/internal/catch_test_spec_parser.cpp.o.d -o src/CMakeFiles/Catch2.dir/catch2/internal/catch_test_spec_parser.cpp.o -c /home/lyu/BuildAC/Ninja_optimized/project/Catch2/src/catch2/internal/catch_test_spec_parser.cpp,Building CXX object src/CMakeFiles/Catch2.dir/catch2/internal/catch_test_spec_parser.cpp.o,src/CMakeFiles/Catch2.dir/catch2/internal/catch_test_spec_parser.cpp.o.d,"{""file_size"": 7311, ""loc"": 239, ""non_empty_loc"": 217, ""function_count"": 36, ""avg_function_length"": 9.833, ""max_function_length"": 36, ""include_count"": 4, ""template_count"": 0, ""class_count"": 0, ""max_nesting_depth"": 5, ""branch_keyword_count"": 39, ""max_cyclomatic_proxy"": 40}","{""producer_dep_count"": 1, ""consumer_count"": 1, ""all_input_count"": 2, ""longest_remaining_hops"": 6}",,,/home/lyu/BuildAC/Ninja_optimized/project/catch_build/build.ninja,969
/home/lyu/BuildAC/Ninja_optimized/project/catch_build/build.ninja:978:109,src/CMakeFiles/Catch2.dir/catch2/internal/catch_textflow.cpp.o,CXX_COMPILER__Catch2_unscanned_,compile,"[""src/CMakeFiles/Catch2.dir/catch2/internal/catch_textflow.cpp.o""]","[""/home/lyu/BuildAC/Ninja_optimized/project/Catch2/src/catch2/internal/catch_textflow.cpp""]",[],"[""cmake_object_order_depends_target_Catch2""]",[],/usr/bin/c++  -I/home/lyu/BuildAC/Ninja_optimized/project/Catch2/src/catch2/.. -I/home/lyu/BuildAC/Ninja_optimized/project/catch_build/generated-includes -ffile-prefix-map=/home/lyu/BuildAC/Ninja_optimized/project/Catch2/= -MD -MT src/CMakeFiles/Catch2.dir/catch2/internal/catch_textflow.cpp.o -MF src/CMakeFiles/Catch2.dir/catch2/internal/catch_textflow.cpp.o.d -o src/CMakeFiles/Catch2.dir/catch2/internal/catch_textflow.cpp.o -c /home/lyu/BuildAC/Ninja_optimized/project/Catch2/src/catch2/internal/catch_textflow.cpp,Building CXX object src/CMakeFiles/Catch2.dir/catch2/internal/catch_textflow.cpp.o,src/CMakeFiles/Catch2.dir/catch2/internal/catch_textflow.cpp.o.d,"{""file_size"": 14664, ""loc"": 398, ""non_empty_loc"": 351, ""function_count"": 53, ""avg_function_length"": 7.132, ""max_function_length"": 50, ""include_count"": 4, ""template_count"": 0, ""class_count"": 0, ""max_nesting_depth"": 6, ""branch_keyword_count"": 36, ""max_cyclomatic_proxy"": 37}","{""producer_dep_count"": 1, ""consumer_count"": 1, ""all_input_count"": 2, ""longest_remaining_hops"": 6}",,,/home/lyu/BuildAC/Ninja_optimized/project/catch_build/build.ninja,978
/home/lyu/BuildAC/Ninja_optimized/project/catch_build/build.ninja:987:110,src/CMakeFiles/Catch2.dir/catch2/internal/catch_uncaught_exceptions.cpp.o,CXX_COMPILER__Catch2_unscanned_,compile,"[""src/CMakeFiles/Catch2.dir/catch2/internal/catch_uncaught_exceptions.cpp.o""]","[""/home/lyu/BuildAC/Ninja_optimized/project/Catch2/src/catch2/internal/catch_uncaught_exceptions.cpp""]",[],"[""cmake_object_order_depends_target_Catch2""]",[],/usr/bin/c++  -I/home/lyu/BuildAC/Ninja_optimized/project/Catch2/src/catch2/.. -I/home/lyu/BuildAC/Ninja_optimized/project/catch_build/generated-includes -ffile-prefix-map=/home/lyu/BuildAC/Ninja_optimized/project/Catch2/= -MD -MT src/CMakeFiles/Catch2.dir/catch2/internal/catch_uncaught_exceptions.cpp.o -MF src/CMakeFiles/Catch2.dir/catch2/internal/catch_uncaught_exceptions.cpp.o.d -o src/CMakeFiles/Catch2.dir/catch2/internal/catch_uncaught_exceptions.cpp.o -c /home/lyu/BuildAC/Ninja_optimized/project/Catch2/src/catch2/internal/catch_uncaught_exceptions.cpp,Building CXX object src/CMakeFiles/Catch2.dir/catch2/internal/catch_uncaught_exceptions.cpp.o,src/CMakeFiles/Catch2.dir/catch2/internal/catch_uncaught_exceptions.cpp.o.d,"{""file_size"": 729, ""loc"": 25, ""non_empty_loc"": 20, ""function_count"": 1, ""avg_function_length"": 9.0, ""max_function_length"": 9, ""include_count"": 4, ""template_count"": 0, ""class_count"": 0, ""max_nesting_depth"": 2, ""branch_keyword_count"": 1, ""max_cyclomatic_proxy"": 2}","{""producer_dep_count"": 1, ""consumer_count"": 1, ""all_input_count"": 2, ""longest_remaining_hops"": 6}",,,/home/lyu/BuildAC/Ninja_optimized/project/catch_build/build.ninja,987
/home/lyu/BuildAC/Ninja_optimized/project/catch_build/build.ninja:996:111,src/CMakeFiles/Catch2.dir/catch2/internal/catch_wildcard_pattern.cpp.o,CXX_COMPILER__Catch2_unscanned_,compile,"[""src/CMakeFiles/Catch2.dir/catch2/internal/catch_wildcard_pattern.cpp.o""]","[""/home/lyu/BuildAC/Ninja_optimized/project/Catch2/src/catch2/internal/catch_wildcard_pattern.cpp""]",[],"[""cmake_object_order_depends_target_Catch2""]",[],/usr/bin/c++  -I/home/lyu/BuildAC/Ninja_optimized/project/Catch2/src/catch2/.. -I/home/lyu/BuildAC/Ninja_optimized/project/catch_build/generated-includes -ffile-prefix-map=/home/lyu/BuildAC/Ninja_optimized/project/Catch2/= -MD -MT src/CMakeFiles/Catch2.dir/catch2/internal/catch_wildcard_pattern.cpp.o -MF src/CMakeFiles/Catch2.dir/catch2/internal/catch_wildcard_pattern.cpp.o.d -o src/CMakeFiles/Catch2.dir/catch2/internal/catch_wildcard_pattern.cpp.o -c /home/lyu/BuildAC/Ninja_optimized/project/Catch2/src/catch2/internal/catch_wildcard_pattern.cpp,Building CXX object src/CMakeFiles/Catch2.dir/catch2/internal/catch_wildcard_pattern.cpp.o,src/CMakeFiles/Catch2.dir/catch2/internal/catch_wildcard_pattern.cpp.o.d,"{""file_size"": 1777, ""loc"": 47, ""non_empty_loc"": 41, ""function_count"": 6, ""avg_function_length"": 7.833, ""max_function_length"": 14, ""include_count"": 3, ""template_count"": 0, ""class_count"": 0, ""max_nesting_depth"": 3, ""branch_keyword_count"": 6, ""max_cyclomatic_proxy"": 7}","{""producer_dep_count"": 1, ""consumer_count"": 1, ""all_input_count"": 2, ""longest_remaining_hops"": 6}",,,/home/lyu/BuildAC/Ninja_optimized/project/catch_build/build.ninja,996
/home/lyu/BuildAC/Ninja_optimized/project/catch_build/build.ninja:1005:112,src/CMakeFiles/Catch2.dir/catch2/internal/catch_xmlwriter.cpp.o,CXX_COMPILER__Catch2_unscanned_,compile,"[""src/CMakeFiles/Catch2.dir/catch2/internal/catch_xmlwriter.cpp.o""]","[""/home/lyu/BuildAC/Ninja_optimized/project/Catch2/src/catch2/internal/catch_xmlwriter.cpp""]",[],"[""cmake_object_order_depends_target_Catch2""]",[],/usr/bin/c++  -I/home/lyu/BuildAC/Ninja_optimized/project/Catch2/src/catch2/.. -I/home/lyu/BuildAC/Ninja_optimized/project/catch_build/generated-includes -ffile-prefix-map=/home/lyu/BuildAC/Ninja_optimized/project/Catch2/= -MD -MT src/CMakeFiles/Catch2.dir/catch2/internal/catch_xmlwriter.cpp.o -MF src/CMakeFiles/Catch2.dir/catch2/internal/catch_xmlwriter.cpp.o.d -o src/CMakeFiles/Catch2.dir/catch2/internal/catch_xmlwriter.cpp.o -c /home/lyu/BuildAC/Ninja_optimized/project/Catch2/src/catch2/internal/catch_xmlwriter.cpp,Building CXX object src/CMakeFiles/Catch2.dir/catch2/internal/catch_xmlwriter.cpp.o,src/CMakeFiles/Catch2.dir/catch2/internal/catch_xmlwriter.cpp.o.d,"{""file_size"": 11074, ""loc"": 344, ""non_empty_loc"": 297, ""function_count"": 52, ""avg_function_length"": 8.731, ""max_function_length"": 109, ""include_count"": 5, ""template_count"": 0, ""class_count"": 0, ""max_nesting_depth"": 5, ""branch_keyword_count"": 32, ""max_cyclomatic_proxy"": 33}","{""producer_dep_count"": 1, ""consumer_count"": 1, ""all_input_count"": 2, ""longest_remaining_hops"": 6}",,,/home/lyu/BuildAC/Ninja_optimized/project/catch_build/build.ninja,1005
/home/lyu/BuildAC/Ninja_optimized/project/catch_build/build.ninja:1014:113,src/CMakeFiles/Catch2.dir/catch2/matchers/catch_matchers.cpp.o,CXX_COMPILER__Catch2_unscanned_,compile,"[""src/CMakeFiles/Catch2.dir/catch2/matchers/catch_matchers.cpp.o""]","[""/home/lyu/BuildAC/Ninja_optimized/project/Catch2/src/catch2/matchers/catch_matchers.cpp""]",[],"[""cmake_object_order_depends_target_Catch2""]",[],/usr/bin/c++  -I/home/lyu/BuildAC/Ninja_optimized/project/Catch2/src/catch2/.. -I/home/lyu/BuildAC/Ninja_optimized/project/catch_build/generated-includes -ffile-prefix-map=/home/lyu/BuildAC/Ninja_optimized/project/Catch2/= -MD -MT src/CMakeFiles/Catch2.dir/catch2/matchers/catch_matchers.cpp.o -MF src/CMakeFiles/Catch2.dir/catch2/matchers/catch_matchers.cpp.o.d -o src/CMakeFiles/Catch2.dir/catch2/matchers/catch_matchers.cpp.o -c /home/lyu/BuildAC/Ninja_optimized/project/Catch2/src/catch2/matchers/catch_matchers.cpp,Building CXX object src/CMakeFiles/Catch2.dir/catch2/matchers/catch_matchers.cpp.o,src/CMakeFiles/Catch2.dir/catch2/matchers/catch_matchers.cpp.o.d,"{""file_size"": 621, ""loc"": 25, ""non_empty_loc"": 17, ""function_count"": 2, ""avg_function_length"": 4.5, ""max_function_length"": 6, ""include_count"": 1, ""template_count"": 0, ""class_count"": 0, ""max_nesting_depth"": 4, ""branch_keyword_count"": 1, ""max_cyclomatic_proxy"": 2}","{""producer_dep_count"": 1, ""consumer_count"": 1, ""all_input_count"": 2, ""longest_remaining_hops"": 6}",,,/home/lyu/BuildAC/Ninja_optimized/project/catch_build/build.ninja,1014
/home/lyu/BuildAC/Ninja_optimized/project/catch_build/build.ninja:1023:114,src/CMakeFiles/Catch2.dir/catch2/matchers/catch_matchers_container_properties.cpp.o,CXX_COMPILER__Catch2_unscanned_,compile,"[""src/CMakeFiles/Catch2.dir/catch2/matchers/catch_matchers_container_properties.cpp.o""]","[""/home/lyu/BuildAC/Ninja_optimized/project/Catch2/src/catch2/matchers/catch_matchers_container_properties.cpp""]",[],"[""cmake_object_order_depends_target_Catch2""]",[],/usr/bin/c++  -I/home/lyu/BuildAC/Ninja_optimized/project/Catch2/src/catch2/.. -I/home/lyu/BuildAC/Ninja_optimized/project/catch_build/generated-includes -ffile-prefix-map=/home/lyu/BuildAC/Ninja_optimized/project/Catch2/= -MD -MT src/CMakeFiles/Catch2.dir/catch2/matchers/catch_matchers_container_properties.cpp.o -MF src/CMakeFiles/Catch2.dir/catch2/matchers/catch_matchers_container_properties.cpp.o.d -o src/CMakeFiles/Catch2.dir/catch2/matchers/catch_matchers_container_properties.cpp.o -c /home/lyu/BuildAC/Ninja_optimized/project/Catch2/src/catch2/matchers/catch_matchers_container_properties.cpp,Building CXX object src/CMakeFiles/Catch2.dir/catch2/matchers/catch_matchers_container_properties.cpp.o,src/CMakeFiles/Catch2.dir/catch2/matchers/catch_matchers_container_properties.cpp.o.d,"{""file_size"": 862, ""loc"": 34, ""non_empty_loc"": 25, ""function_count"": 4, ""avg_function_length"": 3.5, ""max_function_length"": 5, ""include_count"": 2, ""template_count"": 0, ""class_count"": 0, ""max_nesting_depth"": 4, ""branch_keyword_count"": 0, ""max_cyclomatic_proxy"": 1}","{""producer_dep_count"": 1, ""consumer_count"": 1, ""all_input_count"": 2, ""longest_remaining_hops"": 6}",,,/home/lyu/BuildAC/Ninja_optimized/project/catch_build/build.ninja,1023
/home/lyu/BuildAC/Ninja_optimized/project/catch_build/build.ninja:1032:115,src/CMakeFiles/Catch2.dir/catch2/matchers/catch_matchers_exception.cpp.o,CXX_COMPILER__Catch2_unscanned_,compile,"[""src/CMakeFiles/Catch2.dir/catch2/matchers/catch_matchers_exception.cpp.o""]","[""/home/lyu/BuildAC/Ninja_optimized/project/Catch2/src/catch2/matchers/catch_matchers_exception.cpp""]",[],"[""cmake_object_order_depends_target_Catch2""]",[],/usr/bin/c++  -I/home/lyu/BuildAC/Ninja_optimized/project/Catch2/src/catch2/.. -I/home/lyu/BuildAC/Ninja_optimized/project/catch_build/generated-includes -ffile-prefix-map=/home/lyu/BuildAC/Ninja_optimized/project/Catch2/= -MD -MT src/CMakeFiles/Catch2.dir/catch2/matchers/catch_matchers_exception.cpp.o -MF src/CMakeFiles/Catch2.dir/catch2/matchers/catch_matchers_exception.cpp.o.d -o src/CMakeFiles/Catch2.dir/catch2/matchers/catch_matchers_exception.cpp.o -c /home/lyu/BuildAC/Ninja_optimized/project/Catch2/src/catch2/matchers/catch_matchers_exception.cpp,Building CXX object src/CMakeFiles/Catch2.dir/catch2/matchers/catch_matchers_exception.cpp.o,src/CMakeFiles/Catch2.dir/catch2/matchers/catch_matchers_exception.cpp.o.d,"{""file_size"": 721, ""loc"": 26, ""non_empty_loc"": 19, ""function_count"": 3, ""avg_function_length"": 3.0, ""max_function_length"": 3, ""include_count"": 1, ""template_count"": 0, ""class_count"": 0, ""max_nesting_depth"": 3, ""branch_keyword_count"": 0, ""max_cyclomatic_proxy"": 1}","{""producer_dep_count"": 1, ""consumer_count"": 1, ""all_input_count"": 2, ""longest_remaining_hops"": 6}",,,/home/lyu/BuildAC/Ninja_optimized/project/catch_build/build.ninja,1032
/home/lyu/BuildAC/Ninja_optimized/project/catch_build/build.ninja:1041:116,src/CMakeFiles/Catch2.dir/catch2/matchers/catch_matchers_floating_point.cpp.o,CXX_COMPILER__Catch2_unscanned_,compile,"[""src/CMakeFiles/Catch2.dir/catch2/matchers/catch_matchers_floating_point.cpp.o""]","[""/home/lyu/BuildAC/Ninja_optimized/project/Catch2/src/catch2/matchers/catch_matchers_floating_point.cpp""]",[],"[""cmake_object_order_depends_target_Catch2""]",[],/usr/bin/c++  -I/home/lyu/BuildAC/Ninja_optimized/project/Catch2/src/catch2/.. -I/home/lyu/BuildAC/Ninja_optimized/project/catch_build/generated-includes -ffile-prefix-map=/home/lyu/BuildAC/Ninja_optimized/project/Catch2/= -MD -MT src/CMakeFiles/Catch2.dir/catch2/matchers/catch_matchers_floating_point.cpp.o -MF src/CMakeFiles/Catch2.dir/catch2/matchers/catch_matchers_floating_point.cpp.o.d -o src/CMakeFiles/Catch2.dir/catch2/matchers/catch_matchers_floating_point.cpp.o -c /home/lyu/BuildAC/Ninja_optimized/project/Catch2/src/catch2/matchers/catch_matchers_floating_point.cpp,Building CXX object src/CMakeFiles/Catch2.dir/catch2/matchers/catch_matchers_floating_point.cpp.o,src/CMakeFiles/Catch2.dir/catch2/matchers/catch_matchers_floating_point.cpp.o.d,"{""file_size"": 7456, ""loc"": 226, ""non_empty_loc"": 179, ""function_count"": 25, ""avg_function_length"": 6.0, ""max_function_length"": 39, ""include_count"": 13, ""template_count"": 3, ""class_count"": 1, ""max_nesting_depth"": 4, ""branch_keyword_count"": 9, ""max_cyclomatic_proxy"": 10}","{""producer_dep_count"": 1, ""consumer_count"": 1, ""all_input_count"": 2, ""longest_remaining_hops"": 6}",,,/home/lyu/BuildAC/Ninja_optimized/project/catch_build/build.ninja,1041
/home/lyu/BuildAC/Ninja_optimized/project/catch_build/build.ninja:1050:117,src/CMakeFiles/Catch2.dir/catch2/matchers/catch_matchers_predicate.cpp.o,CXX_COMPILER__Catch2_unscanned_,compile,"[""src/CMakeFiles/Catch2.dir/catch2/matchers/catch_matchers_predicate.cpp.o""]","[""/home/lyu/BuildAC/Ninja_optimized/project/Catch2/src/catch2/matchers/catch_matchers_predicate.cpp""]",[],"[""cmake_object_order_depends_target_Catch2""]",[],/usr/bin/c++  -I/home/lyu/BuildAC/Ninja_optimized/project/Catch2/src/catch2/.. -I/home/lyu/BuildAC/Ninja_optimized/project/catch_build/generated-includes -ffile-prefix-map=/home/lyu/BuildAC/Ninja_optimized/project/Catch2/= -MD -MT src/CMakeFiles/Catch2.dir/catch2/matchers/catch_matchers_predicate.cpp.o -MF src/CMakeFiles/Catch2.dir/catch2/matchers/catch_matchers_predicate.cpp.o.d -o src/CMakeFiles/Catch2.dir/catch2/matchers/catch_matchers_predicate.cpp.o -c /home/lyu/BuildAC/Ninja_optimized/project/Catch2/src/catch2/matchers/catch_matchers_predicate.cpp,Building CXX object src/CMakeFiles/Catch2.dir/catch2/matchers/catch_matchers_predicate.cpp.o,src/CMakeFiles/Catch2.dir/catch2/matchers/catch_matchers_predicate.cpp.o.d,"{""file_size"": 529, ""loc"": 17, ""non_empty_loc"": 13, ""function_count"": 2, ""avg_function_length"": 5.0, ""max_function_length"": 7, ""include_count"": 1, ""template_count"": 0, ""class_count"": 0, ""max_nesting_depth"": 2, ""branch_keyword_count"": 1, ""max_cyclomatic_proxy"": 2}","{""producer_dep_count"": 1, ""consumer_count"": 1, ""all_input_count"": 2, ""longest_remaining_hops"": 6}",,,/home/lyu/BuildAC/Ninja_optimized/project/catch_build/build.ninja,1050
/home/lyu/BuildAC/Ninja_optimized/project/catch_build/build.ninja:1059:118,src/CMakeFiles/Catch2.dir/catch2/matchers/catch_matchers_quantifiers.cpp.o,CXX_COMPILER__Catch2_unscanned_,compile,"[""src/CMakeFiles/Catch2.dir/catch2/matchers/catch_matchers_quantifiers.cpp.o""]","[""/home/lyu/BuildAC/Ninja_optimized/project/Catch2/src/catch2/matchers/catch_matchers_quantifiers.cpp""]",[],"[""cmake_object_order_depends_target_Catch2""]",[],/usr/bin/c++  -I/home/lyu/BuildAC/Ninja_optimized/project/Catch2/src/catch2/.. -I/home/lyu/BuildAC/Ninja_optimized/project/catch_build/generated-includes -ffile-prefix-map=/home/lyu/BuildAC/Ninja_optimized/project/Catch2/= -MD -MT src/CMakeFiles/Catch2.dir/catch2/matchers/catch_matchers_quantifiers.cpp.o -MF src/CMakeFiles/Catch2.dir/catch2/matchers/catch_matchers_quantifiers.cpp.o.d -o src/CMakeFiles/Catch2.dir/catch2/matchers/catch_matchers_quantifiers.cpp.o -c /home/lyu/BuildAC/Ninja_optimized/project/Catch2/src/catch2/matchers/catch_matchers_quantifiers.cpp,Building CXX object src/CMakeFiles/Catch2.dir/catch2/matchers/catch_matchers_quantifiers.cpp.o,src/CMakeFiles/Catch2.dir/catch2/matchers/catch_matchers_quantifiers.cpp.o.d,"{""file_size"": 851, ""loc"": 24, ""non_empty_loc"": 16, ""function_count"": 6, ""avg_function_length"": 1.0, ""max_function_length"": 1, ""include_count"": 1, ""template_count"": 0, ""class_count"": 0, ""max_nesting_depth"": 4, ""branch_keyword_count"": 0, ""max_cyclomatic_proxy"": 1}","{""producer_dep_count"": 1, ""consumer_count"": 1, ""all_input_count"": 2, ""longest_remaining_hops"": 6}",,,/home/lyu/BuildAC/Ninja_optimized/project/catch_build/build.ninja,1059
/home/lyu/BuildAC/Ninja_optimized/project/catch_build/build.ninja:1068:119,src/CMakeFiles/Catch2.dir/catch2/matchers/catch_matchers_string.cpp.o,CXX_COMPILER__Catch2_unscanned_,compile,"[""src/CMakeFiles/Catch2.dir/catch2/matchers/catch_matchers_string.cpp.o""]","[""/home/lyu/BuildAC/Ninja_optimized/project/Catch2/src/catch2/matchers/catch_matchers_string.cpp""]",[],"[""cmake_object_order_depends_target_Catch2""]",[],/usr/bin/c++  -I/home/lyu/BuildAC/Ninja_optimized/project/Catch2/src/catch2/.. -I/home/lyu/BuildAC/Ninja_optimized/project/catch_build/generated-includes -ffile-prefix-map=/home/lyu/BuildAC/Ninja_optimized/project/Catch2/= -MD -MT src/CMakeFiles/Catch2.dir/catch2/matchers/catch_matchers_string.cpp.o -MF src/CMakeFiles/Catch2.dir/catch2/matchers/catch_matchers_string.cpp.o.d -o src/CMakeFiles/Catch2.dir/catch2/matchers/catch_matchers_string.cpp.o -c /home/lyu/BuildAC/Ninja_optimized/project/Catch2/src/catch2/matchers/catch_matchers_string.cpp,Building CXX object src/CMakeFiles/Catch2.dir/catch2/matchers/catch_matchers_string.cpp.o,src/CMakeFiles/Catch2.dir/catch2/matchers/catch_matchers_string.cpp.o.d,"{""file_size"": 4488, ""loc"": 114, ""non_empty_loc"": 86, ""function_count"": 22, ""avg_function_length"": 3.182, ""max_function_length"": 11, ""include_count"": 5, ""template_count"": 0, ""class_count"": 0, ""max_nesting_depth"": 4, ""branch_keyword_count"": 4, ""max_cyclomatic_proxy"": 5}","{""producer_dep_count"": 1, ""consumer_count"": 1, ""all_input_count"": 2, ""longest_remaining_hops"": 6}",,,/home/lyu/BuildAC/Ninja_optimized/project/catch_build/build.ninja,1068
/home/lyu/BuildAC/Ninja_optimized/project/catch_build/build.ninja:1077:120,src/CMakeFiles/Catch2.dir/catch2/matchers/catch_matchers_templated.cpp.o,CXX_COMPILER__Catch2_unscanned_,compile,"[""src/CMakeFiles/Catch2.dir/catch2/matchers/catch_matchers_templated.cpp.o""]","[""/home/lyu/BuildAC/Ninja_optimized/project/Catch2/src/catch2/matchers/catch_matchers_templated.cpp""]",[],"[""cmake_object_order_depends_target_Catch2""]",[],/usr/bin/c++  -I/home/lyu/BuildAC/Ninja_optimized/project/Catch2/src/catch2/.. -I/home/lyu/BuildAC/Ninja_optimized/project/catch_build/generated-includes -ffile-prefix-map=/home/lyu/BuildAC/Ninja_optimized/project/Catch2/= -MD -MT src/CMakeFiles/Catch2.dir/catch2/matchers/catch_matchers_templated.cpp.o -MF src/CMakeFiles/Catch2.dir/catch2/matchers/catch_matchers_templated.cpp.o.d -o src/CMakeFiles/Catch2.dir/catch2/matchers/catch_matchers_templated.cpp.o -c /home/lyu/BuildAC/Ninja_optimized/project/Catch2/src/catch2/matchers/catch_matchers_templated.cpp,Building CXX object src/CMakeFiles/Catch2.dir/catch2/matchers/catch_matchers_templated.cpp.o,src/CMakeFiles/Catch2.dir/catch2/matchers/catch_matchers_templated.cpp.o.d,"{""file_size"": 1424, ""loc"": 41, ""non_empty_loc"": 33, ""function_count"": 1, ""avg_function_length"": 22.0, ""max_function_length"": 22, ""include_count"": 1, ""template_count"": 0, ""class_count"": 0, ""max_nesting_depth"": 5, ""branch_keyword_count"": 3, ""max_cyclomatic_proxy"": 4}","{""producer_dep_count"": 1, ""consumer_count"": 1, ""all_input_count"": 2, ""longest_remaining_hops"": 6}",,,/home/lyu/BuildAC/Ninja_optimized/project/catch_build/build.ninja,1077
/home/lyu/BuildAC/Ninja_optimized/project/catch_build/build.ninja:1086:121,src/CMakeFiles/Catch2.dir/catch2/matchers/internal/catch_matchers_impl.cpp.o,CXX_COMPILER__Catch2_unscanned_,compile,"[""src/CMakeFiles/Catch2.dir/catch2/matchers/internal/catch_matchers_impl.cpp.o""]","[""/home/lyu/BuildAC/Ninja_optimized/project/Catch2/src/catch2/matchers/internal/catch_matchers_impl.cpp""]",[],"[""cmake_object_order_depends_target_Catch2""]",[],/usr/bin/c++  -I/home/lyu/BuildAC/Ninja_optimized/project/Catch2/src/catch2/.. -I/home/lyu/BuildAC/Ninja_optimized/project/catch_build/generated-includes -ffile-prefix-map=/home/lyu/BuildAC/Ninja_optimized/project/Catch2/= -MD -MT src/CMakeFiles/Catch2.dir/catch2/matchers/internal/catch_matchers_impl.cpp.o -MF src/CMakeFiles/Catch2.dir/catch2/matchers/internal/catch_matchers_impl.cpp.o.d -o src/CMakeFiles/Catch2.dir/catch2/matchers/internal/catch_matchers_impl.cpp.o -c /home/lyu/BuildAC/Ninja_optimized/project/Catch2/src/catch2/matchers/internal/catch_matchers_impl.cpp,Building CXX object src/CMakeFiles/Catch2.dir/catch2/matchers/internal/catch_matchers_impl.cpp.o,src/CMakeFiles/Catch2.dir/catch2/matchers/internal/catch_matchers_impl.cpp.o.d,"{""file_size"": 1058, ""loc"": 25, ""non_empty_loc"": 19, ""function_count"": 1, ""avg_function_length"": 5.0, ""max_function_length"": 5, ""include_count"": 4, ""template_count"": 0, ""class_count"": 0, ""max_nesting_depth"": 2, ""branch_keyword_count"": 0, ""max_cyclomatic_proxy"": 1}","{""producer_dep_count"": 1, ""consumer_count"": 1, ""all_input_count"": 2, ""longest_remaining_hops"": 6}",,,/home/lyu/BuildAC/Ninja_optimized/project/catch_build/build.ninja,1086
/home/lyu/BuildAC/Ninja_optimized/project/catch_build/build.ninja:1103:122,src/libCatch2.a,CXX_STATIC_LIBRARY_LINKER__Catch2_,link,"[""src/libCatch2.a""]","[""src/CMakeFiles/Catch2.dir/catch2/benchmark/catch_chronometer.cpp.o"", ""src/CMakeFiles/Catch2.dir/catch2/benchmark/detail/catch_analyse.cpp.o"", ""src/CMakeFiles/Catch2.dir/catch2/benchmark/detail/catch_benchmark_function.cpp.o"", ""src/CMakeFiles/Catch2.dir/catch2/benchmark/detail/catch_run_for_at_least.cpp.o"", ""src/CMakeFiles/Catch2.dir/catch2/benchmark/detail/catch_stats.cpp.o"", ""src/CMakeFiles/Catch2.dir/catch2/generators/catch_generator_exception.cpp.o"", ""src/CMakeFiles/Catch2.dir/catch2/generators/catch_generators.cpp.o"", ""src/CMakeFiles/Catch2.dir/catch2/generators/catch_generators_random.cpp.o"", ""src/CMakeFiles/Catch2.dir/catch2/generators/catch_generators_throw.cpp.o"", ""src/CMakeFiles/Catch2.dir/catch2/reporters/catch_reporter_automake.cpp.o"", ""src/CMakeFiles/Catch2.dir/catch2/reporters/catch_reporter_common_base.cpp.o"", ""src/CMakeFiles/Catch2.dir/catch2/reporters/catch_reporter_compact.cpp.o"", ""src/CMakeFiles/Catch2.dir/catch2/reporters/catch_reporter_console.cpp.o"", ""src/CMakeFiles/Catch2.dir/catch2/reporters/catch_reporter_cumulative_base.cpp.o"", ""src/CMakeFiles/Catch2.dir/catch2/reporters/catch_reporter_event_listener.cpp.o"", ""src/CMakeFiles/Catch2.dir/catch2/reporters/catch_reporter_helpers.cpp.o"", ""src/CMakeFiles/Catch2.dir/catch2/reporters/catch_reporter_json.cpp.o"", ""src/CMakeFiles/Catch2.dir/catch2/reporters/catch_reporter_junit.cpp.o"", ""src/CMakeFiles/Catch2.dir/catch2/reporters/catch_reporter_multi.cpp.o"", ""src/CMakeFiles/Catch2.dir/catch2/reporters/catch_reporter_registrars.cpp.o"", ""src/CMakeFiles/Catch2.dir/catch2/reporters/catch_reporter_sonarqube.cpp.o"", ""src/CMakeFiles/Catch2.dir/catch2/reporters/catch_reporter_streaming_base.cpp.o"", ""src/CMakeFiles/Catch2.dir/catch2/reporters/catch_reporter_tap.cpp.o"", ""src/CMakeFiles/Catch2.dir/catch2/reporters/catch_reporter_teamcity.cpp.o"", ""src/CMakeFiles/Catch2.dir/catch2/reporters/catch_reporter_xml.cpp.o"", ""src/CMakeFiles/Catch2.dir/catch2/interfaces/catch_interfaces_capture.cpp.o"", ""src/CMakeFiles/Catch2.dir/catch2/interfaces/catch_interfaces_config.cpp.o"", ""src/CMakeFiles/Catch2.dir/catch2/interfaces/catch_interfaces_exception.cpp.o"", ""src/CMakeFiles/Catch2.dir/catch2/interfaces/catch_interfaces_generatortracker.cpp.o"", ""src/CMakeFiles/Catch2.dir/catch2/interfaces/catch_interfaces_registry_hub.cpp.o"", ""src/CMakeFiles/Catch2.dir/catch2/interfaces/catch_interfaces_reporter.cpp.o"", ""src/CMakeFiles/Catch2.dir/catch2/interfaces/catch_interfaces_reporter_factory.cpp.o"", ""src/CMakeFiles/Catch2.dir/catch2/interfaces/catch_interfaces_testcase.cpp.o"", ""src/CMakeFiles/Catch2.dir/catch2/catch_approx.cpp.o"", ""src/CMakeFiles/Catch2.dir/catch2/catch_assertion_result.cpp.o"", ""src/CMakeFiles/Catch2.dir/catch2/catch_config.cpp.o"", ""src/CMakeFiles/Catch2.dir/catch2/catch_get_random_seed.cpp.o"", ""src/CMakeFiles/Catch2.dir/catch2/catch_message.cpp.o"", ""src/CMakeFiles/Catch2.dir/catch2/catch_registry_hub.cpp.o"", ""src/CMakeFiles/Catch2.dir/catch2/catch_session.cpp.o"", ""src/CMakeFiles/Catch2.dir/catch2/catch_tag_alias_autoregistrar.cpp.o"", ""src/CMakeFiles/Catch2.dir/catch2/catch_test_case_info.cpp.o"", ""src/CMakeFiles/Catch2.dir/catch2/catch_test_spec.cpp.o"", ""src/CMakeFiles/Catch2.dir/catch2/catch_timer.cpp.o"", ""src/CMakeFiles/Catch2.dir/catch2/catch_tostring.cpp.o"", ""src/CMakeFiles/Catch2.dir/catch2/catch_totals.cpp.o"", ""src/CMakeFiles/Catch2.dir/catch2/catch_translate_exception.cpp.o"", ""src/CMakeFiles/Catch2.dir/catch2/catch_version.cpp.o"", ""src/CMakeFiles/Catch2.dir/catch2/internal/catch_assertion_handler.cpp.o"", ""src/CMakeFiles/Catch2.dir/catch2/internal/catch_case_insensitive_comparisons.cpp.o"", ""src/CMakeFiles/Catch2.dir/catch2/internal/catch_clara.cpp.o"", ""src/CMakeFiles/Catch2.dir/catch2/internal/catch_commandline.cpp.o"", ""src/CMakeFiles/Catch2.dir/catch2/internal/catch_console_colour.cpp.o"", ""src/CMakeFiles/Catch2.dir/catch2/internal/catch_context.cpp.o"", ""src/CMakeFiles/Catch2.dir/catch2/internal/catch_debug_console.cpp.o"", ""src/CMakeFiles/Catch2.dir/catch2/internal/catch_debugger.cpp.o"", ""src/CMakeFiles/Catch2.dir/catch2/internal/catch_decomposer.cpp.o"", ""src/CMakeFiles/Catch2.dir/catch2/internal/catch_enforce.cpp.o"", ""src/CMakeFiles/Catch2.dir/catch2/internal/catch_enum_info.cpp.o"", ""src/CMakeFiles/Catch2.dir/catch2/internal/catch_errno_guard.cpp.o"", ""src/CMakeFiles/Catch2.dir/catch2/internal/catch_exception_translator_registry.cpp.o"", ""src/CMakeFiles/Catch2.dir/catch2/internal/catch_fatal_condition_handler.cpp.o"", ""src/CMakeFiles/Catch2.dir/catch2/internal/catch_floating_point_helpers.cpp.o"", ""src/CMakeFiles/Catch2.dir/catch2/internal/catch_getenv.cpp.o"", ""src/CMakeFiles/Catch2.dir/catch2/internal/catch_istream.cpp.o"", ""src/CMakeFiles/Catch2.dir/catch2/internal/catch_jsonwriter.cpp.o"", ""src/CMakeFiles/Catch2.dir/catch2/internal/catch_lazy_expr.cpp.o"", ""src/CMakeFiles/Catch2.dir/catch2/internal/catch_leak_detector.cpp.o"", ""src/CMakeFiles/Catch2.dir/catch2/internal/catch_list.cpp.o"", ""src/CMakeFiles/Catch2.dir/catch2/internal/catch_message_info.cpp.o"", ""src/CMakeFiles/Catch2.dir/catch2/internal/catch_output_redirect.cpp.o"", ""src/CMakeFiles/Catch2.dir/catch2/internal/catch_parse_numbers.cpp.o"", ""src/CMakeFiles/Catch2.dir/catch2/internal/catch_polyfills.cpp.o"", ""src/CMakeFiles/Catch2.dir/catch2/internal/catch_random_number_generator.cpp.o"", ""src/CMakeFiles/Catch2.dir/catch2/internal/catch_random_seed_generation.cpp.o"", ""src/CMakeFiles/Catch2.dir/catch2/internal/catch_reporter_registry.cpp.o"", ""src/CMakeFiles/Catch2.dir/catch2/internal/catch_reporter_spec_parser.cpp.o"", ""src/CMakeFiles/Catch2.dir/catch2/internal/catch_reusable_string_stream.cpp.o"", ""src/CMakeFiles/Catch2.dir/catch2/internal/catch_run_context.cpp.o"", ""src/CMakeFiles/Catch2.dir/catch2/internal/catch_section.cpp.o"", ""src/CMakeFiles/Catch2.dir/catch2/internal/catch_singletons.cpp.o"", ""src/CMakeFiles/Catch2.dir/catch2/internal/catch_source_line_info.cpp.o"", ""src/CMakeFiles/Catch2.dir/catch2/internal/catch_startup_exception_registry.cpp.o"", ""src/CMakeFiles/Catch2.dir/catch2/internal/catch_stdstreams.cpp.o"", ""src/CMakeFiles/Catch2.dir/catch2/internal/catch_string_manip.cpp.o"", ""src/CMakeFiles/Catch2.dir/catch2/internal/catch_stringref.cpp.o"", ""src/CMakeFiles/Catch2.dir/catch2/internal/catch_tag_alias_registry.cpp.o"", ""src/CMakeFiles/Catch2.dir/catch2/internal/catch_test_case_info_hasher.cpp.o"", ""src/CMakeFiles/Catch2.dir/catch2/internal/catch_test_case_registry_impl.cpp.o"", ""src/CMakeFiles/Catch2.dir/catch2/internal/catch_test_case_tracker.cpp.o"", ""src/CMakeFiles/Catch2.dir/catch2/internal/catch_test_failure_exception.cpp.o"", ""src/CMakeFiles/Catch2.dir/catch2/internal/catch_test_registry.cpp.o"", ""src/CMakeFiles/Catch2.dir/catch2/internal/catch_test_spec_parser.cpp.o"", ""src/CMakeFiles/Catch2.dir/catch2/internal/catch_textflow.cpp.o"", ""src/CMakeFiles/Catch2.dir/catch2/internal/catch_uncaught_exceptions.cpp.o"", ""src/CMakeFiles/Catch2.dir/catch2/internal/catch_wildcard_pattern.cpp.o"", ""src/CMakeFiles/Catch2.dir/catch2/internal/catch_xmlwriter.cpp.o"", ""src/CMakeFiles/Catch2.dir/catch2/matchers/catch_matchers.cpp.o"", ""src/CMakeFiles/Catch2.dir/catch2/matchers/catch_matchers_container_properties.cpp.o"", ""src/CMakeFiles/Catch2.dir/catch2/matchers/catch_matchers_exception.cpp.o"", ""src/CMakeFiles/Catch2.dir/catch2/matchers/catch_matchers_floating_point.cpp.o"", ""src/CMakeFiles/Catch2.dir/catch2/matchers/catch_matchers_predicate.cpp.o"", ""src/CMakeFiles/Catch2.dir/catch2/matchers/catch_matchers_quantifiers.cpp.o"", ""src/CMakeFiles/Catch2.dir/catch2/matchers/catch_matchers_string.cpp.o"", ""src/CMakeFiles/Catch2.dir/catch2/matchers/catch_matchers_templated.cpp.o"", ""src/CMakeFiles/Catch2.dir/catch2/matchers/internal/catch_matchers_impl.cpp.o""]",[],[],[],: && /usr/bin/cmake -E rm -f src/libCatch2.a && /usr/bin/ar qc src/libCatch2.a  src/CMakeFiles/Catch2.dir/catch2/benchmark/catch_chronometer.cpp.o src/CMakeFiles/Catch2.dir/catch2/benchmark/detail/catch_analyse.cpp.o src/CMakeFiles/Catch2.dir/catch2/benchmark/detail/catch_benchmark_function.cpp.o src/CMakeFiles/Catch2.dir/catch2/benchmark/detail/catch_run_for_at_least.cpp.o src/CMakeFiles/Catch2.dir/catch2/benchmark/detail/catch_stats.cpp.o src/CMakeFiles/Catch2.dir/catch2/generators/catch_generator_exception.cpp.o src/CMakeFiles/Catch2.dir/catch2/generators/catch_generators.cpp.o src/CMakeFiles/Catch2.dir/catch2/generators/catch_generators_random.cpp.o src/CMakeFiles/Catch2.dir/catch2/generators/catch_generators_throw.cpp.o src/CMakeFiles/Catch2.dir/catch2/reporters/catch_reporter_automake.cpp.o src/CMakeFiles/Catch2.dir/catch2/reporters/catch_reporter_common_base.cpp.o src/CMakeFiles/Catch2.dir/catch2/reporters/catch_reporter_compact.cpp.o src/CMakeFiles/Catch2.dir/catch2/reporters/catch_reporter_console.cpp.o src/CMakeFiles/Catch2.dir/catch2/reporters/catch_reporter_cumulative_base.cpp.o src/CMakeFiles/Catch2.dir/catch2/reporters/catch_reporter_event_listener.cpp.o src/CMakeFiles/Catch2.dir/catch2/reporters/catch_reporter_helpers.cpp.o src/CMakeFiles/Catch2.dir/catch2/reporters/catch_reporter_json.cpp.o src/CMakeFiles/Catch2.dir/catch2/reporters/catch_reporter_junit.cpp.o src/CMakeFiles/Catch2.dir/catch2/reporters/catch_reporter_multi.cpp.o src/CMakeFiles/Catch2.dir/catch2/reporters/catch_reporter_registrars.cpp.o src/CMakeFiles/Catch2.dir/catch2/reporters/catch_reporter_sonarqube.cpp.o src/CMakeFiles/Catch2.dir/catch2/reporters/catch_reporter_streaming_base.cpp.o src/CMakeFiles/Catch2.dir/catch2/reporters/catch_reporter_tap.cpp.o src/CMakeFiles/Catch2.dir/catch2/reporters/catch_reporter_teamcity.cpp.o src/CMakeFiles/Catch2.dir/catch2/reporters/catch_reporter_xml.cpp.o src/CMakeFiles/Catch2.dir/catch2/interfaces/catch_interfaces_capture.cpp.o src/CMakeFiles/Catch2.dir/catch2/interfaces/catch_interfaces_config.cpp.o src/CMakeFiles/Catch2.dir/catch2/interfaces/catch_interfaces_exception.cpp.o src/CMakeFiles/Catch2.dir/catch2/interfaces/catch_interfaces_generatortracker.cpp.o src/CMakeFiles/Catch2.dir/catch2/interfaces/catch_interfaces_registry_hub.cpp.o src/CMakeFiles/Catch2.dir/catch2/interfaces/catch_interfaces_reporter.cpp.o src/CMakeFiles/Catch2.dir/catch2/interfaces/catch_interfaces_reporter_factory.cpp.o src/CMakeFiles/Catch2.dir/catch2/interfaces/catch_interfaces_testcase.cpp.o src/CMakeFiles/Catch2.dir/catch2/catch_approx.cpp.o src/CMakeFiles/Catch2.dir/catch2/catch_assertion_result.cpp.o src/CMakeFiles/Catch2.dir/catch2/catch_config.cpp.o src/CMakeFiles/Catch2.dir/catch2/catch_get_random_seed.cpp.o src/CMakeFiles/Catch2.dir/catch2/catch_message.cpp.o src/CMakeFiles/Catch2.dir/catch2/catch_registry_hub.cpp.o src/CMakeFiles/Catch2.dir/catch2/catch_session.cpp.o src/CMakeFiles/Catch2.dir/catch2/catch_tag_alias_autoregistrar.cpp.o src/CMakeFiles/Catch2.dir/catch2/catch_test_case_info.cpp.o src/CMakeFiles/Catch2.dir/catch2/catch_test_spec.cpp.o src/CMakeFiles/Catch2.dir/catch2/catch_timer.cpp.o src/CMakeFiles/Catch2.dir/catch2/catch_tostring.cpp.o src/CMakeFiles/Catch2.dir/catch2/catch_totals.cpp.o src/CMakeFiles/Catch2.dir/catch2/catch_translate_exception.cpp.o src/CMakeFiles/Catch2.dir/catch2/catch_version.cpp.o src/CMakeFiles/Catch2.dir/catch2/internal/catch_assertion_handler.cpp.o src/CMakeFiles/Catch2.dir/catch2/internal/catch_case_insensitive_comparisons.cpp.o src/CMakeFiles/Catch2.dir/catch2/internal/catch_clara.cpp.o src/CMakeFiles/Catch2.dir/catch2/internal/catch_commandline.cpp.o src/CMakeFiles/Catch2.dir/catch2/internal/catch_console_colour.cpp.o src/CMakeFiles/Catch2.dir/catch2/internal/catch_context.cpp.o src/CMakeFiles/Catch2.dir/catch2/internal/catch_debug_console.cpp.o src/CMakeFiles/Catch2.dir/catch2/internal/catch_debugger.cpp.o src/CMakeFiles/Catch2.dir/catch2/internal/catch_decomposer.cpp.o src/CMakeFiles/Catch2.dir/catch2/internal/catch_enforce.cpp.o src/CMakeFiles/Catch2.dir/catch2/internal/catch_enum_info.cpp.o src/CMakeFiles/Catch2.dir/catch2/internal/catch_errno_guard.cpp.o src/CMakeFiles/Catch2.dir/catch2/internal/catch_exception_translator_registry.cpp.o src/CMakeFiles/Catch2.dir/catch2/internal/catch_fatal_condition_handler.cpp.o src/CMakeFiles/Catch2.dir/catch2/internal/catch_floating_point_helpers.cpp.o src/CMakeFiles/Catch2.dir/catch2/internal/catch_getenv.cpp.o src/CMakeFiles/Catch2.dir/catch2/internal/catch_istream.cpp.o src/CMakeFiles/Catch2.dir/catch2/internal/catch_jsonwriter.cpp.o src/CMakeFiles/Catch2.dir/catch2/internal/catch_lazy_expr.cpp.o src/CMakeFiles/Catch2.dir/catch2/internal/catch_leak_detector.cpp.o src/CMakeFiles/Catch2.dir/catch2/internal/catch_list.cpp.o src/CMakeFiles/Catch2.dir/catch2/internal/catch_message_info.cpp.o src/CMakeFiles/Catch2.dir/catch2/internal/catch_output_redirect.cpp.o src/CMakeFiles/Catch2.dir/catch2/internal/catch_parse_numbers.cpp.o src/CMakeFiles/Catch2.dir/catch2/internal/catch_polyfills.cpp.o src/CMakeFiles/Catch2.dir/catch2/internal/catch_random_number_generator.cpp.o src/CMakeFiles/Catch2.dir/catch2/internal/catch_random_seed_generation.cpp.o src/CMakeFiles/Catch2.dir/catch2/internal/catch_reporter_registry.cpp.o src/CMakeFiles/Catch2.dir/catch2/internal/catch_reporter_spec_parser.cpp.o src/CMakeFiles/Catch2.dir/catch2/internal/catch_reusable_string_stream.cpp.o src/CMakeFiles/Catch2.dir/catch2/internal/catch_run_context.cpp.o src/CMakeFiles/Catch2.dir/catch2/internal/catch_section.cpp.o src/CMakeFiles/Catch2.dir/catch2/internal/catch_singletons.cpp.o src/CMakeFiles/Catch2.dir/catch2/internal/catch_source_line_info.cpp.o src/CMakeFiles/Catch2.dir/catch2/internal/catch_startup_exception_registry.cpp.o src/CMakeFiles/Catch2.dir/catch2/internal/catch_stdstreams.cpp.o src/CMakeFiles/Catch2.dir/catch2/internal/catch_string_manip.cpp.o src/CMakeFiles/Catch2.dir/catch2/internal/catch_stringref.cpp.o src/CMakeFiles/Catch2.dir/catch2/internal/catch_tag_alias_registry.cpp.o src/CMakeFiles/Catch2.dir/catch2/internal/catch_test_case_info_hasher.cpp.o src/CMakeFiles/Catch2.dir/catch2/internal/catch_test_case_registry_impl.cpp.o src/CMakeFiles/Catch2.dir/catch2/internal/catch_test_case_tracker.cpp.o src/CMakeFiles/Catch2.dir/catch2/internal/catch_test_failure_exception.cpp.o src/CMakeFiles/Catch2.dir/catch2/internal/catch_test_registry.cpp.o src/CMakeFiles/Catch2.dir/catch2/internal/catch_test_spec_parser.cpp.o src/CMakeFiles/Catch2.dir/catch2/internal/catch_textflow.cpp.o src/CMakeFiles/Catch2.dir/catch2/internal/catch_uncaught_exceptions.cpp.o src/CMakeFiles/Catch2.dir/catch2/internal/catch_wildcard_pattern.cpp.o src/CMakeFiles/Catch2.dir/catch2/internal/catch_xmlwriter.cpp.o src/CMakeFiles/Catch2.dir/catch2/matchers/catch_matchers.cpp.o src/CMakeFiles/Catch2.dir/catch2/matchers/catch_matchers_container_properties.cpp.o src/CMakeFiles/Catch2.dir/catch2/matchers/catch_matchers_exception.cpp.o src/CMakeFiles/Catch2.dir/catch2/matchers/catch_matchers_floating_point.cpp.o src/CMakeFiles/Catch2.dir/catch2/matchers/catch_matchers_predicate.cpp.o src/CMakeFiles/Catch2.dir/catch2/matchers/catch_matchers_quantifiers.cpp.o src/CMakeFiles/Catch2.dir/catch2/matchers/catch_matchers_string.cpp.o src/CMakeFiles/Catch2.dir/catch2/matchers/catch_matchers_templated.cpp.o src/CMakeFiles/Catch2.dir/catch2/matchers/internal/catch_matchers_impl.cpp.o && /usr/bin/ranlib src/libCatch2.a && :,Linking CXX static library src/libCatch2.a,,{},"{""producer_dep_count"": 106, ""consumer_count"": 4, ""all_input_count"": 106, ""longest_remaining_hops"": 5}",,,/home/lyu/BuildAC/Ninja_optimized/project/catch_build/build.ninja,1103
/home/lyu/BuildAC/Ninja_optimized/project/catch_build/build.ninja:1118:123,cmake_object_order_depends_target_Catch2WithMain,phony,phony,"[""cmake_object_order_depends_target_Catch2WithMain""]",[],[],"[""cmake_object_order_depends_target_Catch2""]",[],,,,{},"{""producer_dep_count"": 1, ""consumer_count"": 1, ""all_input_count"": 1, ""longest_remaining_hops"": 6}",,,/home/lyu/BuildAC/Ninja_optimized/project/catch_build/build.ninja,1118
/home/lyu/BuildAC/Ninja_optimized/project/catch_build/build.ninja:1120:124,src/CMakeFiles/Catch2WithMain.dir/catch2/internal/catch_main.cpp.o,CXX_COMPILER__Catch2WithMain_unscanned_,compile,"[""src/CMakeFiles/Catch2WithMain.dir/catch2/internal/catch_main.cpp.o""]","[""/home/lyu/BuildAC/Ninja_optimized/project/Catch2/src/catch2/internal/catch_main.cpp""]",[],"[""cmake_object_order_depends_target_Catch2WithMain""]",[],/usr/bin/c++  -I/home/lyu/BuildAC/Ninja_optimized/project/Catch2/src/catch2/.. -I/home/lyu/BuildAC/Ninja_optimized/project/catch_build/generated-includes -ffile-prefix-map=/home/lyu/BuildAC/Ninja_optimized/project/Catch2/= -MD -MT src/CMakeFiles/Catch2WithMain.dir/catch2/internal/catch_main.cpp.o -MF src/CMakeFiles/Catch2WithMain.dir/catch2/internal/catch_main.cpp.o.d -o src/CMakeFiles/Catch2WithMain.dir/catch2/internal/catch_main.cpp.o -c /home/lyu/BuildAC/Ninja_optimized/project/Catch2/src/catch2/internal/catch_main.cpp,Building CXX object src/CMakeFiles/Catch2WithMain.dir/catch2/internal/catch_main.cpp.o,src/CMakeFiles/Catch2WithMain.dir/catch2/internal/catch_main.cpp.o.d,"{""file_size"": 1413, ""loc"": 39, ""non_empty_loc"": 31, ""function_count"": 2, ""avg_function_length"": 5.0, ""max_function_length"": 9, ""include_count"": 5, ""template_count"": 0, ""class_count"": 0, ""max_nesting_depth"": 2, ""branch_keyword_count"": 2, ""max_cyclomatic_proxy"": 3}","{""producer_dep_count"": 1, ""consumer_count"": 1, ""all_input_count"": 2, ""longest_remaining_hops"": 5}",,,/home/lyu/BuildAC/Ninja_optimized/project/catch_build/build.ninja,1120
/home/lyu/BuildAC/Ninja_optimized/project/catch_build/build.ninja:1137:125,src/libCatch2Main.a,CXX_STATIC_LIBRARY_LINKER__Catch2WithMain_,link,"[""src/libCatch2Main.a""]","[""src/CMakeFiles/Catch2WithMain.dir/catch2/internal/catch_main.cpp.o""]",[],"[""src/libCatch2.a""]",[],: && /usr/bin/cmake -E rm -f src/libCatch2Main.a && /usr/bin/ar qc src/libCatch2Main.a  src/CMakeFiles/Catch2WithMain.dir/catch2/internal/catch_main.cpp.o && /usr/bin/ranlib src/libCatch2Main.a && :,Linking CXX static library src/libCatch2Main.a,,{},"{""producer_dep_count"": 2, ""consumer_count"": 3, ""all_input_count"": 2, ""longest_remaining_hops"": 4}",,,/home/lyu/BuildAC/Ninja_optimized/project/catch_build/build.ninja,1137
/home/lyu/BuildAC/Ninja_optimized/project/catch_build/build.ninja:1149:126,src/CMakeFiles/package.util,CUSTOM_COMMAND,io,"[""src/CMakeFiles/package.util""]","[""src/all""]",[],[],[],cd /home/lyu/BuildAC/Ninja_optimized/project/catch_build && /usr/bin/cpack --config ./CPackConfig.cmake,Run CPack packaging tool...,,{},"{""producer_dep_count"": 1, ""consumer_count"": 1, ""all_input_count"": 1, ""longest_remaining_hops"": 1}",,,/home/lyu/BuildAC/Ninja_optimized/project/catch_build/build.ninja,1149
/home/lyu/BuildAC/Ninja_optimized/project/catch_build/build.ninja:1155:127,src/package,phony,phony,"[""src/package""]","[""src/CMakeFiles/package.util""]",[],[],[],,,,{},"{""producer_dep_count"": 1, ""consumer_count"": 0, ""all_input_count"": 1, ""longest_remaining_hops"": 0}",,,/home/lyu/BuildAC/Ninja_optimized/project/catch_build/build.ninja,1155
/home/lyu/BuildAC/Ninja_optimized/project/catch_build/build.ninja:1161:128,src/CMakeFiles/package_source.util,CUSTOM_COMMAND,io,"[""src/CMakeFiles/package_source.util""]",[],[],[],[],cd /home/lyu/BuildAC/Ninja_optimized/project/catch_build && /usr/bin/cpack --config ./CPackSourceConfig.cmake /home/lyu/BuildAC/Ninja_optimized/project/catch_build/CPackSourceConfig.cmake,Run CPack packaging tool for source...,,{},"{""producer_dep_count"": 0, ""consumer_count"": 1, ""all_input_count"": 0, ""longest_remaining_hops"": 1}",,,/home/lyu/BuildAC/Ninja_optimized/project/catch_build/build.ninja,1161
/home/lyu/BuildAC/Ninja_optimized/project/catch_build/build.ninja:1167:129,src/package_source,phony,phony,"[""src/package_source""]","[""src/CMakeFiles/package_source.util""]",[],[],[],,,,{},"{""producer_dep_count"": 1, ""consumer_count"": 0, ""all_input_count"": 1, ""longest_remaining_hops"": 0}",,,/home/lyu/BuildAC/Ninja_optimized/project/catch_build/build.ninja,1167
/home/lyu/BuildAC/Ninja_optimized/project/catch_build/build.ninja:1173:130,src/CMakeFiles/edit_cache.util,CUSTOM_COMMAND,custom,"[""src/CMakeFiles/edit_cache.util""]",[],[],[],[],cd /home/lyu/BuildAC/Ninja_optimized/project/catch_build/src && /usr/bin/cmake -E echo No\ interactive\ CMake\ dialog\ available.,No interactive CMake dialog available...,,{},"{""producer_dep_count"": 0, ""consumer_count"": 1, ""all_input_count"": 0, ""longest_remaining_hops"": 1}",,,/home/lyu/BuildAC/Ninja_optimized/project/catch_build/build.ninja,1173
/home/lyu/BuildAC/Ninja_optimized/project/catch_build/build.ninja:1178:131,src/edit_cache,phony,phony,"[""src/edit_cache""]","[""src/CMakeFiles/edit_cache.util""]",[],[],[],,,,{},"{""producer_dep_count"": 1, ""consumer_count"": 0, ""all_input_count"": 1, ""longest_remaining_hops"": 0}",,,/home/lyu/BuildAC/Ninja_optimized/project/catch_build/build.ninja,1178
/home/lyu/BuildAC/Ninja_optimized/project/catch_build/build.ninja:1184:132,src/CMakeFiles/rebuild_cache.util,CUSTOM_COMMAND,custom,"[""src/CMakeFiles/rebuild_cache.util""]",[],[],[],[],cd /home/lyu/BuildAC/Ninja_optimized/project/catch_build/src && /usr/bin/cmake --regenerate-during-build -S/home/lyu/BuildAC/Ninja_optimized/project/Catch2 -B/home/lyu/BuildAC/Ninja_optimized/project/catch_build,Running CMake to regenerate build system...,,{},"{""producer_dep_count"": 0, ""consumer_count"": 1, ""all_input_count"": 0, ""longest_remaining_hops"": 1}",,,/home/lyu/BuildAC/Ninja_optimized/project/catch_build/build.ninja,1184
/home/lyu/BuildAC/Ninja_optimized/project/catch_build/build.ninja:1190:133,src/rebuild_cache,phony,phony,"[""src/rebuild_cache""]","[""src/CMakeFiles/rebuild_cache.util""]",[],[],[],,,,{},"{""producer_dep_count"": 1, ""consumer_count"": 0, ""all_input_count"": 1, ""longest_remaining_hops"": 0}",,,/home/lyu/BuildAC/Ninja_optimized/project/catch_build/build.ninja,1190
/home/lyu/BuildAC/Ninja_optimized/project/catch_build/build.ninja:1196:134,src/list_install_components,phony,phony,"[""src/list_install_components""]",[],[],[],[],,,,{},"{""producer_dep_count"": 0, ""consumer_count"": 0, ""all_input_count"": 0, ""longest_remaining_hops"": 0}",,,/home/lyu/BuildAC/Ninja_optimized/project/catch_build/build.ninja,1196
/home/lyu/BuildAC/Ninja_optimized/project/catch_build/build.ninja:1202:135,src/CMakeFiles/install.util,CUSTOM_COMMAND,custom,"[""src/CMakeFiles/install.util""]","[""src/all""]",[],[],[],cd /home/lyu/BuildAC/Ninja_optimized/project/catch_build/src && /usr/bin/cmake -P cmake_install.cmake,Install the project...,,{},"{""producer_dep_count"": 1, ""consumer_count"": 1, ""all_input_count"": 1, ""longest_remaining_hops"": 1}",,,/home/lyu/BuildAC/Ninja_optimized/project/catch_build/build.ninja,1202
/home/lyu/BuildAC/Ninja_optimized/project/catch_build/build.ninja:1208:136,src/install,phony,phony,"[""src/install""]","[""src/CMakeFiles/install.util""]",[],[],[],,,,{},"{""producer_dep_count"": 1, ""consumer_count"": 0, ""all_input_count"": 1, ""longest_remaining_hops"": 0}",,,/home/lyu/BuildAC/Ninja_optimized/project/catch_build/build.ninja,1208
/home/lyu/BuildAC/Ninja_optimized/project/catch_build/build.ninja:1214:137,src/CMakeFiles/install/local.util,CUSTOM_COMMAND,custom,"[""src/CMakeFiles/install/local.util""]","[""src/all""]",[],[],[],cd /home/lyu/BuildAC/Ninja_optimized/project/catch_build/src && /usr/bin/cmake -DCMAKE_INSTALL_LOCAL_ONLY=1 -P cmake_install.cmake,Installing only the local directory...,,{},"{""producer_dep_count"": 1, ""consumer_count"": 1, ""all_input_count"": 1, ""longest_remaining_hops"": 1}",,,/home/lyu/BuildAC/Ninja_optimized/project/catch_build/build.ninja,1214
/home/lyu/BuildAC/Ninja_optimized/project/catch_build/build.ninja:1220:138,src/install/local,phony,phony,"[""src/install/local""]","[""src/CMakeFiles/install/local.util""]",[],[],[],,,,{},"{""producer_dep_count"": 1, ""consumer_count"": 0, ""all_input_count"": 1, ""longest_remaining_hops"": 0}",,,/home/lyu/BuildAC/Ninja_optimized/project/catch_build/build.ninja,1220
/home/lyu/BuildAC/Ninja_optimized/project/catch_build/build.ninja:1226:139,src/CMakeFiles/install/strip.util,CUSTOM_COMMAND,custom,"[""src/CMakeFiles/install/strip.util""]","[""src/all""]",[],[],[],cd /home/lyu/BuildAC/Ninja_optimized/project/catch_build/src && /usr/bin/cmake -DCMAKE_INSTALL_DO_STRIP=1 -P cmake_install.cmake,Installing the project stripped...,,{},"{""producer_dep_count"": 1, ""consumer_count"": 1, ""all_input_count"": 1, ""longest_remaining_hops"": 1}",,,/home/lyu/BuildAC/Ninja_optimized/project/catch_build/build.ninja,1226
/home/lyu/BuildAC/Ninja_optimized/project/catch_build/build.ninja:1232:140,src/install/strip,phony,phony,"[""src/install/strip""]","[""src/CMakeFiles/install/strip.util""]",[],[],[],,,,{},"{""producer_dep_count"": 1, ""consumer_count"": 0, ""all_input_count"": 1, ""longest_remaining_hops"": 0}",,,/home/lyu/BuildAC/Ninja_optimized/project/catch_build/build.ninja,1232
/home/lyu/BuildAC/Ninja_optimized/project/catch_build/build.ninja:1237:141,Catch2,phony,phony,"[""Catch2""]","[""src/libCatch2.a""]",[],[],[],,,,{},"{""producer_dep_count"": 1, ""consumer_count"": 0, ""all_input_count"": 1, ""longest_remaining_hops"": 0}",,,/home/lyu/BuildAC/Ninja_optimized/project/catch_build/build.ninja,1237
/home/lyu/BuildAC/Ninja_optimized/project/catch_build/build.ninja:1239:142,Catch2WithMain,phony,phony,"[""Catch2WithMain""]","[""src/libCatch2Main.a""]",[],[],[],,,,{},"{""producer_dep_count"": 1, ""consumer_count"": 0, ""all_input_count"": 1, ""longest_remaining_hops"": 0}",,,/home/lyu/BuildAC/Ninja_optimized/project/catch_build/build.ninja,1239
/home/lyu/BuildAC/Ninja_optimized/project/catch_build/build.ninja:1241:143,libCatch2.a,phony,phony,"[""libCatch2.a""]","[""src/libCatch2.a""]",[],[],[],,,,{},"{""producer_dep_count"": 1, ""consumer_count"": 0, ""all_input_count"": 1, ""longest_remaining_hops"": 0}",,,/home/lyu/BuildAC/Ninja_optimized/project/catch_build/build.ninja,1241
/home/lyu/BuildAC/Ninja_optimized/project/catch_build/build.ninja:1243:144,libCatch2Main.a,phony,phony,"[""libCatch2Main.a""]","[""src/libCatch2Main.a""]",[],[],[],,,,{},"{""producer_dep_count"": 1, ""consumer_count"": 0, ""all_input_count"": 1, ""longest_remaining_hops"": 0}",,,/home/lyu/BuildAC/Ninja_optimized/project/catch_build/build.ninja,1243
/home/lyu/BuildAC/Ninja_optimized/project/catch_build/build.ninja:1253:145,all,phony,phony,"[""all""]","[""src/all""]",[],[],[],,,,{},"{""producer_dep_count"": 1, ""consumer_count"": 4, ""all_input_count"": 1, ""longest_remaining_hops"": 2}",,,/home/lyu/BuildAC/Ninja_optimized/project/catch_build/build.ninja,1253
/home/lyu/BuildAC/Ninja_optimized/project/catch_build/build.ninja:1260:146,src/all,phony,phony,"[""src/all""]","[""src/libCatch2.a"", ""src/libCatch2Main.a""]",[],[],[],,,,{},"{""producer_dep_count"": 2, ""consumer_count"": 5, ""all_input_count"": 2, ""longest_remaining_hops"": 3}",,,/home/lyu/BuildAC/Ninja_optimized/project/catch_build/build.ninja,1260
/home/lyu/BuildAC/Ninja_optimized/project/catch_build/build.ninja:1269:147,build.ninja,RERUN_CMAKE,regen,"[""build.ninja""]",[],"[""/home/lyu/BuildAC/Ninja_optimized/project/Catch2/CMake/Catch2Config.cmake.in"", ""/home/lyu/BuildAC/Ninja_optimized/project/Catch2/CMake/CatchConfigOptions.cmake"", ""/home/lyu/BuildAC/Ninja_optimized/project/Catch2/CMake/CatchMiscFunctions.cmake"", ""/home/lyu/BuildAC/Ninja_optimized/project/Catch2/CMakeLists.txt"", ""/home/lyu/BuildAC/Ninja_optimized/project/Catch2/src/CMakeLists.txt"", ""/home/lyu/BuildAC/Ninja_optimized/project/Catch2/src/catch2/catch_user_config.hpp.in"", ""/usr/share/cmake-3.28/Modules/BasicConfigVersion-SameMajorVersion.cmake.in"", ""/usr/share/cmake-3.28/Modules/CMakeCXXCompiler.cmake.in"", ""/usr/share/cmake-3.28/Modules/CMakeCXXCompilerABI.cpp"", ""/usr/share/cmake-3.28/Modules/CMakeCXXInformation.cmake"", ""/usr/share/cmake-3.28/Modules/CMakeCheckCompilerFlagCommonPatterns.cmake"", ""/usr/share/cmake-3.28/Modules/CMakeCommonLanguageInclude.cmake"", ""/usr/share/cmake-3.28/Modules/CMakeCompilerIdDetection.cmake"", ""/usr/share/cmake-3.28/Modules/CMakeDependentOption.cmake"", ""/usr/share/cmake-3.28/Modules/CMakeDetermineCXXCompiler.cmake"", ""/usr/share/cmake-3.28/Modules/CMakeDetermineCompileFeatures.cmake"", ""/usr/share/cmake-3.28/Modules/CMakeDetermineCompiler.cmake"", ""/usr/share/cmake-3.28/Modules/CMakeDetermineCompilerABI.cmake"", ""/usr/share/cmake-3.28/Modules/CMakeDetermineCompilerId.cmake"", ""/usr/share/cmake-3.28/Modules/CMakeDetermineSystem.cmake"", ""/usr/share/cmake-3.28/Modules/CMakeFindBinUtils.cmake"", ""/usr/share/cmake-3.28/Modules/CMakeGenericSystem.cmake"", ""/usr/share/cmake-3.28/Modules/CMakeInitializeConfigs.cmake"", ""/usr/share/cmake-3.28/Modules/CMakeLanguageInformation.cmake"", ""/usr/share/cmake-3.28/Modules/CMakeNinjaFindMake.cmake"", ""/usr/share/cmake-3.28/Modules/CMakePackageConfigHelpers.cmake"", ""/usr/share/cmake-3.28/Modules/CMakeParseImplicitIncludeInfo.cmake"", ""/usr/share/cmake-3.28/Modules/CMakeParseImplicitLinkInfo.cmake"", ""/usr/share/cmake-3.28/Modules/CMakeParseLibraryArchitecture.cmake"", ""/usr/share/cmake-3.28/Modules/CMakeSystem.cmake.in"", ""/usr/share/cmake-3.28/Modules/CMakeSystemSpecificInformation.cmake"", ""/usr/share/cmake-3.28/Modules/CMakeSystemSpecificInitialize.cmake"", ""/usr/share/cmake-3.28/Modules/CMakeTestCXXCompiler.cmake"", ""/usr/share/cmake-3.28/Modules/CMakeTestCompilerCommon.cmake"", ""/usr/share/cmake-3.28/Modules/CPack.cmake"", ""/usr/share/cmake-3.28/Modules/CPackComponent.cmake"", ""/usr/share/cmake-3.28/Modules/CheckCXXCompilerFlag.cmake"", ""/usr/share/cmake-3.28/Modules/CheckCXXSourceCompiles.cmake"", ""/usr/share/cmake-3.28/Modules/Compiler/ADSP-DetermineCompiler.cmake"", ""/usr/share/cmake-3.28/Modules/Compiler/ARMCC-DetermineCompiler.cmake"", ""/usr/share/cmake-3.28/Modules/Compiler/ARMClang-DetermineCompiler.cmake"", ""/usr/share/cmake-3.28/Modules/Compiler/AppleClang-DetermineCompiler.cmake"", ""/usr/share/cmake-3.28/Modules/Compiler/Borland-DetermineCompiler.cmake"", ""/usr/share/cmake-3.28/Modules/Compiler/CMakeCommonCompilerMacros.cmake"", ""/usr/share/cmake-3.28/Modules/Compiler/Clang-DetermineCompiler.cmake"", ""/usr/share/cmake-3.28/Modules/Compiler/Clang-DetermineCompilerInternal.cmake"", ""/usr/share/cmake-3.28/Modules/Compiler/Comeau-CXX-DetermineCompiler.cmake"", ""/usr/share/cmake-3.28/Modules/Compiler/Compaq-CXX-DetermineCompiler.cmake"", ""/usr/share/cmake-3.28/Modules/Compiler/Cray-DetermineCompiler.cmake"", ""/usr/share/cmake-3.28/Modules/Compiler/CrayClang-DetermineCompiler.cmake"", ""/usr/share/cmake-3.28/Modules/Compiler/Embarcadero-DetermineCompiler.cmake"", ""/usr/share/cmake-3.28/Modules/Compiler/Fujitsu-DetermineCompiler.cmake"", ""/usr/share/cmake-3.28/Modules/Compiler/FujitsuClang-DetermineCompiler.cmake"", ""/usr/share/cmake-3.28/Modules/Compiler/GHS-DetermineCompiler.cmake"", ""/usr/share/cmake-3.28/Modules/Compiler/GNU-CXX-DetermineCompiler.cmake"", ""/usr/share/cmake-3.28/Modules/Compiler/GNU-CXX.cmake"", ""/usr/share/cmake-3.28/Modules/Compiler/GNU-FindBinUtils.cmake"", ""/usr/share/cmake-3.28/Modules/Compiler/GNU.cmake"", ""/usr/share/cmake-3.28/Modules/Compiler/HP-CXX-DetermineCompiler.cmake"", ""/usr/share/cmake-3.28/Modules/Compiler/IAR-DetermineCompiler.cmake"", ""/usr/share/cmake-3.28/Modules/Compiler/IBMCPP-CXX-DetermineVersionInternal.cmake"", ""/usr/share/cmake-3.28/Modules/Compiler/IBMClang-CXX-DetermineCompiler.cmake"", ""/usr/share/cmake-3.28/Modules/Compiler/Intel-DetermineCompiler.cmake"", ""/usr/share/cmake-3.28/Modules/Compiler/IntelLLVM-DetermineCompiler.cmake"", ""/usr/share/cmake-3.28/Modules/Compiler/LCC-CXX-DetermineCompiler.cmake"", ""/usr/share/cmake-3.28/Modules/Compiler/MSVC-DetermineCompiler.cmake"", ""/usr/share/cmake-3.28/Modules/Compiler/NVHPC-DetermineCompiler.cmake"", ""/usr/share/cmake-3.28/Modules/Compiler/NVIDIA-DetermineCompiler.cmake"", ""/usr/share/cmake-3.28/Modules/Compiler/OpenWatcom-DetermineCompiler.cmake"", ""/usr/share/cmake-3.28/Modules/Compiler/OrangeC-DetermineCompiler.cmake"", ""/usr/share/cmake-3.28/Modules/Compiler/PGI-DetermineCompiler.cmake"", ""/usr/share/cmake-3.28/Modules/Compiler/PathScale-DetermineCompiler.cmake"", ""/usr/share/cmake-3.28/Modules/Compiler/SCO-DetermineCompiler.cmake"", ""/usr/share/cmake-3.28/Modules/Compiler/SunPro-CXX-DetermineCompiler.cmake"", ""/usr/share/cmake-3.28/Modules/Compiler/TI-DetermineCompiler.cmake"", ""/usr/share/cmake-3.28/Modules/Compiler/Tasking-DetermineCompiler.cmake"", ""/usr/share/cmake-3.28/Modules/Compiler/VisualAge-CXX-DetermineCompiler.cmake"", ""/usr/share/cmake-3.28/Modules/Compiler/Watcom-DetermineCompiler.cmake"", ""/usr/share/cmake-3.28/Modules/Compiler/XL-CXX-DetermineCompiler.cmake"", ""/usr/share/cmake-3.28/Modules/Compiler/XLClang-CXX-DetermineCompiler.cmake"", ""/usr/share/cmake-3.28/Modules/Compiler/zOS-CXX-DetermineCompiler.cmake"", ""/usr/share/cmake-3.28/Modules/GNUInstallDirs.cmake"", ""/usr/share/cmake-3.28/Modules/Internal/CheckCompilerFlag.cmake"", ""/usr/share/cmake-3.28/Modules/Internal/CheckFlagCommonConfig.cmake"", ""/usr/share/cmake-3.28/Modules/Internal/CheckSourceCompiles.cmake"", ""/usr/share/cmake-3.28/Modules/Internal/FeatureTesting.cmake"", ""/usr/share/cmake-3.28/Modules/Platform/Linux-Determine-CXX.cmake"", ""/usr/share/cmake-3.28/Modules/Platform/Linux-GNU-CXX.cmake"", ""/usr/share/cmake-3.28/Modules/Platform/Linux-GNU.cmake"", ""/usr/share/cmake-3.28/Modules/Platform/Linux-Initialize.cmake"", ""/usr/share/cmake-3.28/Modules/Platform/Linux.cmake"", ""/usr/share/cmake-3.28/Modules/Platform/UnixPaths.cmake"", ""/usr/share/cmake-3.28/Modules/WriteBasicConfigVersionFile.cmake"", ""/usr/share/cmake-3.28/Templates/CPackConfig.cmake.in"", ""CMakeCache.txt"", ""CMakeFiles/3.28.3/CMakeCXXCompiler.cmake"", ""CMakeFiles/3.28.3/CMakeSystem.cmake""]",[],[],/usr/bin/cmake --regenerate-during-build -S/home/lyu/BuildAC/Ninja_optimized/project/Catch2 -B/home/lyu/BuildAC/Ninja_optimized/project/catch_build,Re-running CMake...,,{},"{""producer_dep_count"": 1, ""consumer_count"": 0, ""all_input_count"": 97, ""longest_remaining_hops"": 0}",,,/home/lyu/BuildAC/Ninja_optimized/project/catch_build/build.ninja,1269
/home/lyu/BuildAC/Ninja_optimized/project/catch_build/build.ninja:1276:148,/home/lyu/BuildAC/Ninja_optimized/project/Catch2/CMake/Catch2Config.cmake.in,phony,phony,"[""/home/lyu/BuildAC/Ninja_optimized/project/Catch2/CMake/Catch2Config.cmake.in"", ""/home/lyu/BuildAC/Ninja_optimized/project/Catch2/CMake/CatchConfigOptions.cmake"", ""/home/lyu/BuildAC/Ninja_optimized/project/Catch2/CMake/CatchMiscFunctions.cmake"", ""/home/lyu/BuildAC/Ninja_optimized/project/Catch2/CMakeLists.txt"", ""/home/lyu/BuildAC/Ninja_optimized/project/Catch2/src/CMakeLists.txt"", ""/home/lyu/BuildAC/Ninja_optimized/project/Catch2/src/catch2/catch_user_config.hpp.in"", ""/usr/share/cmake-3.28/Modules/BasicConfigVersion-SameMajorVersion.cmake.in"", ""/usr/share/cmake-3.28/Modules/CMakeCXXCompiler.cmake.in"", ""/usr/share/cmake-3.28/Modules/CMakeCXXCompilerABI.cpp"", ""/usr/share/cmake-3.28/Modules/CMakeCXXInformation.cmake"", ""/usr/share/cmake-3.28/Modules/CMakeCheckCompilerFlagCommonPatterns.cmake"", ""/usr/share/cmake-3.28/Modules/CMakeCommonLanguageInclude.cmake"", ""/usr/share/cmake-3.28/Modules/CMakeCompilerIdDetection.cmake"", ""/usr/share/cmake-3.28/Modules/CMakeDependentOption.cmake"", ""/usr/share/cmake-3.28/Modules/CMakeDetermineCXXCompiler.cmake"", ""/usr/share/cmake-3.28/Modules/CMakeDetermineCompileFeatures.cmake"", ""/usr/share/cmake-3.28/Modules/CMakeDetermineCompiler.cmake"", ""/usr/share/cmake-3.28/Modules/CMakeDetermineCompilerABI.cmake"", ""/usr/share/cmake-3.28/Modules/CMakeDetermineCompilerId.cmake"", ""/usr/share/cmake-3.28/Modules/CMakeDetermineSystem.cmake"", ""/usr/share/cmake-3.28/Modules/CMakeFindBinUtils.cmake"", ""/usr/share/cmake-3.28/Modules/CMakeGenericSystem.cmake"", ""/usr/share/cmake-3.28/Modules/CMakeInitializeConfigs.cmake"", ""/usr/share/cmake-3.28/Modules/CMakeLanguageInformation.cmake"", ""/usr/share/cmake-3.28/Modules/CMakeNinjaFindMake.cmake"", ""/usr/share/cmake-3.28/Modules/CMakePackageConfigHelpers.cmake"", ""/usr/share/cmake-3.28/Modules/CMakeParseImplicitIncludeInfo.cmake"", ""/usr/share/cmake-3.28/Modules/CMakeParseImplicitLinkInfo.cmake"", ""/usr/share/cmake-3.28/Modules/CMakeParseLibraryArchitecture.cmake"", ""/usr/share/cmake-3.28/Modules/CMakeSystem.cmake.in"", ""/usr/share/cmake-3.28/Modules/CMakeSystemSpecificInformation.cmake"", ""/usr/share/cmake-3.28/Modules/CMakeSystemSpecificInitialize.cmake"", ""/usr/share/cmake-3.28/Modules/CMakeTestCXXCompiler.cmake"", ""/usr/share/cmake-3.28/Modules/CMakeTestCompilerCommon.cmake"", ""/usr/share/cmake-3.28/Modules/CPack.cmake"", ""/usr/share/cmake-3.28/Modules/CPackComponent.cmake"", ""/usr/share/cmake-3.28/Modules/CheckCXXCompilerFlag.cmake"", ""/usr/share/cmake-3.28/Modules/CheckCXXSourceCompiles.cmake"", ""/usr/share/cmake-3.28/Modules/Compiler/ADSP-DetermineCompiler.cmake"", ""/usr/share/cmake-3.28/Modules/Compiler/ARMCC-DetermineCompiler.cmake"", ""/usr/share/cmake-3.28/Modules/Compiler/ARMClang-DetermineCompiler.cmake"", ""/usr/share/cmake-3.28/Modules/Compiler/AppleClang-DetermineCompiler.cmake"", ""/usr/share/cmake-3.28/Modules/Compiler/Borland-DetermineCompiler.cmake"", ""/usr/share/cmake-3.28/Modules/Compiler/CMakeCommonCompilerMacros.cmake"", ""/usr/share/cmake-3.28/Modules/Compiler/Clang-DetermineCompiler.cmake"", ""/usr/share/cmake-3.28/Modules/Compiler/Clang-DetermineCompilerInternal.cmake"", ""/usr/share/cmake-3.28/Modules/Compiler/Comeau-CXX-DetermineCompiler.cmake"", ""/usr/share/cmake-3.28/Modules/Compiler/Compaq-CXX-DetermineCompiler.cmake"", ""/usr/share/cmake-3.28/Modules/Compiler/Cray-DetermineCompiler.cmake"", ""/usr/share/cmake-3.28/Modules/Compiler/CrayClang-DetermineCompiler.cmake"", ""/usr/share/cmake-3.28/Modules/Compiler/Embarcadero-DetermineCompiler.cmake"", ""/usr/share/cmake-3.28/Modules/Compiler/Fujitsu-DetermineCompiler.cmake"", ""/usr/share/cmake-3.28/Modules/Compiler/FujitsuClang-DetermineCompiler.cmake"", ""/usr/share/cmake-3.28/Modules/Compiler/GHS-DetermineCompiler.cmake"", ""/usr/share/cmake-3.28/Modules/Compiler/GNU-CXX-DetermineCompiler.cmake"", ""/usr/share/cmake-3.28/Modules/Compiler/GNU-CXX.cmake"", ""/usr/share/cmake-3.28/Modules/Compiler/GNU-FindBinUtils.cmake"", ""/usr/share/cmake-3.28/Modules/Compiler/GNU.cmake"", ""/usr/share/cmake-3.28/Modules/Compiler/HP-CXX-DetermineCompiler.cmake"", ""/usr/share/cmake-3.28/Modules/Compiler/IAR-DetermineCompiler.cmake"", ""/usr/share/cmake-3.28/Modules/Compiler/IBMCPP-CXX-DetermineVersionInternal.cmake"", ""/usr/share/cmake-3.28/Modules/Compiler/IBMClang-CXX-DetermineCompiler.cmake"", ""/usr/share/cmake-3.28/Modules/Compiler/Intel-DetermineCompiler.cmake"", ""/usr/share/cmake-3.28/Modules/Compiler/IntelLLVM-DetermineCompiler.cmake"", ""/usr/share/cmake-3.28/Modules/Compiler/LCC-CXX-DetermineCompiler.cmake"", ""/usr/share/cmake-3.28/Modules/Compiler/MSVC-DetermineCompiler.cmake"", ""/usr/share/cmake-3.28/Modules/Compiler/NVHPC-DetermineCompiler.cmake"", ""/usr/share/cmake-3.28/Modules/Compiler/NVIDIA-DetermineCompiler.cmake"", ""/usr/share/cmake-3.28/Modules/Compiler/OpenWatcom-DetermineCompiler.cmake"", ""/usr/share/cmake-3.28/Modules/Compiler/OrangeC-DetermineCompiler.cmake"", ""/usr/share/cmake-3.28/Modules/Compiler/PGI-DetermineCompiler.cmake"", ""/usr/share/cmake-3.28/Modules/Compiler/PathScale-DetermineCompiler.cmake"", ""/usr/share/cmake-3.28/Modules/Compiler/SCO-DetermineCompiler.cmake"", ""/usr/share/cmake-3.28/Modules/Compiler/SunPro-CXX-DetermineCompiler.cmake"", ""/usr/share/cmake-3.28/Modules/Compiler/TI-DetermineCompiler.cmake"", ""/usr/share/cmake-3.28/Modules/Compiler/Tasking-DetermineCompiler.cmake"", ""/usr/share/cmake-3.28/Modules/Compiler/VisualAge-CXX-DetermineCompiler.cmake"", ""/usr/share/cmake-3.28/Modules/Compiler/Watcom-DetermineCompiler.cmake"", ""/usr/share/cmake-3.28/Modules/Compiler/XL-CXX-DetermineCompiler.cmake"", ""/usr/share/cmake-3.28/Modules/Compiler/XLClang-CXX-DetermineCompiler.cmake"", ""/usr/share/cmake-3.28/Modules/Compiler/zOS-CXX-DetermineCompiler.cmake"", ""/usr/share/cmake-3.28/Modules/GNUInstallDirs.cmake"", ""/usr/share/cmake-3.28/Modules/Internal/CheckCompilerFlag.cmake"", ""/usr/share/cmake-3.28/Modules/Internal/CheckFlagCommonConfig.cmake"", ""/usr/share/cmake-3.28/Modules/Internal/CheckSourceCompiles.cmake"", ""/usr/share/cmake-3.28/Modules/Internal/FeatureTesting.cmake"", ""/usr/share/cmake-3.28/Modules/Platform/Linux-Determine-CXX.cmake"", ""/usr/share/cmake-3.28/Modules/Platform/Linux-GNU-CXX.cmake"", ""/usr/share/cmake-3.28/Modules/Platform/Linux-GNU.cmake"", ""/usr/share/cmake-3.28/Modules/Platform/Linux-Initialize.cmake"", ""/usr/share/cmake-3.28/Modules/Platform/Linux.cmake"", ""/usr/share/cmake-3.28/Modules/Platform/UnixPaths.cmake"", ""/usr/share/cmake-3.28/Modules/WriteBasicConfigVersionFile.cmake"", ""/usr/share/cmake-3.28/Templates/CPackConfig.cmake.in"", ""CMakeCache.txt"", ""CMakeFiles/3.28.3/CMakeCXXCompiler.cmake"", ""CMakeFiles/3.28.3/CMakeSystem.cmake""]",[],[],[],[],,,,{},"{""producer_dep_count"": 0, ""consumer_count"": 1, ""all_input_count"": 0, ""longest_remaining_hops"": 1}",,,/home/lyu/BuildAC/Ninja_optimized/project/catch_build/build.ninja,1276
/home/lyu/BuildAC/Ninja_optimized/project/catch_build/build.ninja:1282:149,clean,CLEAN,custom,"[""clean""]",[],[],[],[],/usr/local/bin/ninja  -t clean ,Cleaning all built files...,,{},"{""producer_dep_count"": 0, ""consumer_count"": 0, ""all_input_count"": 0, ""longest_remaining_hops"": 0}",,,/home/lyu/BuildAC/Ninja_optimized/project/catch_build/build.ninja,1282
/home/lyu/BuildAC/Ninja_optimized/project/catch_build/build.ninja:1288:150,help,HELP,custom,"[""help""]",[],[],[],[],/usr/local/bin/ninja -t targets,All primary targets available:,,{},"{""producer_dep_count"": 0, ""consumer_count"": 0, ""all_input_count"": 0, ""longest_remaining_hops"": 0}",,,/home/lyu/BuildAC/Ninja_optimized/project/catch_build/build.ninja,1288
